proj,instances,group,Z1,Z2,Best,pred_da,prob_da_CLK,prob_da_LKCC
SLDA,random_025,train,-1.5402384041154462,NA,LKCC,CLK,0.63142,0.36858
SLDA,LKCChard_086,train,-1.129821413070037,NA,CLK,LKCC,0.41488,0.58512
SLDA,LKCCeasy_020,train,1.3103683026290363,NA,LKCC,LKCC,0.00373,0.99627
SLDA,LKCCeasy_028,train,1.3877011250108526,NA,LKCC,LKCC,0.00316,0.99684
SLDA,LKCChard_002,train,-2.2453062391191563,NA,CLK,CLK,0.88633,0.11367
SLDA,LKCChard_170,train,-2.3371264142270527,NA,CLK,CLK,0.90475,0.09525
SLDA,CLKhard_103,train,-0.8835342825759736,NA,LKCC,LKCC,0.29459,0.70541
SLDA,CLKeasy_050,train,1.3643737853767879,NA,LKCC,LKCC,0.00332,0.99668
SLDA,CLKeasy_165,train,0.8818551762241104,NA,LKCC,LKCC,0.00931,0.99069
SLDA,CLKeasy_068,train,1.2438891081185512,NA,LKCC,LKCC,0.0043,0.9957
SLDA,LKCCeasy_104,train,1.0809627104280062,NA,LKCC,LKCC,0.00609,0.99391
SLDA,CLKeasy_072,train,1.0872097735446618,NA,LKCC,LKCC,0.006,0.994
SLDA,CLKeasy_188,train,1.1569983719463304,NA,LKCC,LKCC,0.00517,0.99483
SLDA,LKCChard_097,train,-0.4383111010058305,NA,CLK,LKCC,0.13822,0.86178
SLDA,CLKhard_098,train,0.5756178141384136,NA,LKCC,LKCC,0.01782,0.98218
SLDA,LKCCeasy_108,train,0.840977541594607,NA,LKCC,LKCC,0.01015,0.98985
SLDA,CLKhard_119,train,0.25572552727271725,NA,LKCC,LKCC,0.03483,0.96517
SLDA,random_133,train,-1.9729405812040042,NA,LKCC,CLK,0.81281,0.18719
SLDA,CLKeasy_144,train,1.0280075408163958,NA,LKCC,LKCC,0.00681,0.99319
SLDA,LKCCeasy_162,train,1.2194381526368316,NA,LKCC,LKCC,0.00453,0.99547
SLDA,CLKeasy_146,train,0.6515253681685508,NA,LKCC,LKCC,0.01518,0.98482
SLDA,LKCChard_066,train,-3.0185111945278167,NA,CLK,CLK,0.97624,0.02376
SLDA,CLKhard_109,train,0.294110138768066,NA,LKCC,LKCC,0.03216,0.96784
SLDA,random_109,train,-0.687485367076097,NA,LKCC,LKCC,0.21507,0.78493
SLDA,random_130,train,-0.8047620819663539,NA,LKCC,LKCC,0.26066,0.73934
SLDA,CLKeasy_102,train,0.8762800495095147,NA,LKCC,LKCC,0.00942,0.99058
SLDA,CLKhard_173,train,-0.11920158659834586,NA,LKCC,LKCC,0.07474,0.92526
SLDA,LKCChard_040,train,-1.1408308924091781,NA,CLK,LKCC,0.42063,0.57937
SLDA,random_099,train,-0.9608740150982419,NA,LKCC,LKCC,0.33027,0.66973
SLDA,LKCChard_025,train,-2.3933272221042015,NA,CLK,CLK,0.91467,0.08533
SLDA,LKCChard_165,train,-0.8530839667365666,NA,CLK,LKCC,0.28117,0.71883
SLDA,LKCCeasy_134,train,0.644913010096858,NA,LKCC,LKCC,0.01539,0.98461
SLDA,random_012,train,-0.9855395674675745,NA,LKCC,LKCC,0.3421,0.6579
SLDA,CLKhard_061,train,-1.1136661984617153,NA,LKCC,LKCC,0.40647,0.59353
SLDA,LKCChard_093,train,-1.4851487820456053,NA,CLK,CLK,0.60346,0.39654
SLDA,LKCChard_031,train,-2.1218290952640717,NA,CLK,CLK,0.85673,0.14327
SLDA,CLKhard_086,train,-0.4089408612103524,NA,LKCC,LKCC,0.13087,0.86913
SLDA,CLKeasy_110,train,1.1708311350855858,NA,LKCC,LKCC,0.00502,0.99498
SLDA,CLKeasy_145,train,1.1118509721313228,NA,LKCC,LKCC,0.0057,0.9943
SLDA,LKCChard_017,train,-1.5443801296447393,NA,CLK,CLK,0.63349,0.36651
SLDA,CLKeasy_160,train,1.5497537125357979,NA,LKCC,LKCC,0.00223,0.99777
SLDA,CLKhard_091,train,0.7576128246575619,NA,LKCC,LKCC,0.01212,0.98788
SLDA,LKCCeasy_106,train,1.5052916147295312,NA,LKCC,LKCC,0.00245,0.99755
SLDA,CLKeasy_037,train,1.1955603456244779,NA,LKCC,LKCC,0.00476,0.99524
SLDA,random_113,train,-0.5975336629118891,NA,LKCC,LKCC,0.18423,0.81577
SLDA,random_100,train,-0.5631164355504982,NA,LKCC,LKCC,0.17337,0.82663
SLDA,CLKhard_084,train,-0.27027328299274306,NA,LKCC,LKCC,0.10053,0.89947
SLDA,random_186,train,-0.37652876530566565,NA,LKCC,LKCC,0.12314,0.87686
SLDA,CLKhard_143,train,1.3743883980443428,NA,LKCC,LKCC,0.00325,0.99675
SLDA,CLKeasy_171,train,0.9211008673276929,NA,LKCC,LKCC,0.00856,0.99144
SLDA,random_115,train,0.02124422739730709,NA,LKCC,LKCC,0.05636,0.94364
SLDA,LKCCeasy_003,train,1.7418469651185258,NA,LKCC,LKCC,0.00148,0.99852
SLDA,random_086,train,-1.8830217333618964,NA,LKCC,CLK,0.78162,0.21838
SLDA,CLKhard_154,train,2.328583423358211,NA,LKCC,LKCC,4.2e-4,0.99958
SLDA,CLKhard_092,train,-0.08080731658040974,NA,LKCC,LKCC,0.06923,0.93077
SLDA,LKCChard_069,train,-1.9473296356209284,NA,CLK,CLK,0.80429,0.19571
SLDA,LKCChard_143,train,-1.9733331538219212,NA,CLK,CLK,0.81294,0.18706
SLDA,random_069,train,-0.8203099759750874,NA,LKCC,LKCC,0.26715,0.73285
SLDA,LKCChard_050,train,-1.936389696403508,NA,CLK,CLK,0.80056,0.19944
SLDA,CLKhard_130,train,1.2498310113655564,NA,LKCC,LKCC,0.00424,0.99576
SLDA,CLKhard_023,train,1.4379509253389946,NA,LKCC,LKCC,0.00283,0.99717
SLDA,CLKhard_172,train,0.19282307976422883,NA,LKCC,LKCC,0.03967,0.96033
SLDA,LKCChard_111,train,-2.7924364778399817,NA,CLK,CLK,0.96194,0.03806
SLDA,CLKeasy_002,train,1.3908094603530692,NA,LKCC,LKCC,0.00314,0.99686
SLDA,LKCCeasy_083,train,1.3855713984196194,NA,LKCC,LKCC,0.00317,0.99683
SLDA,random_021,train,-1.307796582452179,NA,LKCC,CLK,0.50968,0.49032
SLDA,LKCCeasy_145,train,1.3533540784333482,NA,LKCC,LKCC,0.0034,0.9966
SLDA,CLKeasy_108,train,0.5373421232941972,NA,LKCC,LKCC,0.01932,0.98068
SLDA,random_072,train,-1.317891848025267,NA,LKCC,CLK,0.5151,0.4849
SLDA,random_136,train,-0.364379951488469,NA,LKCC,LKCC,0.12035,0.87965
SLDA,LKCChard_029,train,-2.5006692349915256,NA,CLK,CLK,0.93103,0.06897
SLDA,LKCCeasy_075,train,2.1801619181272796,NA,LKCC,LKCC,5.8e-4,0.99942
SLDA,CLKeasy_089,train,1.1365341943736396,NA,LKCC,LKCC,0.0054,0.9946
SLDA,random_044,train,-0.4981579285644077,NA,LKCC,LKCC,0.15426,0.84574
SLDA,CLKhard_048,train,-0.7791367226575654,NA,LKCC,LKCC,0.25019,0.74981
SLDA,CLKeasy_035,train,1.3239994621490052,NA,LKCC,LKCC,0.00362,0.99638
SLDA,CLKhard_002,train,0.5634775639543425,NA,LKCC,LKCC,0.01828,0.98172
SLDA,CLKhard_151,train,0.1503981893984463,NA,LKCC,LKCC,0.04329,0.95671
SLDA,LKCCeasy_047,train,1.1607935160747564,NA,LKCC,LKCC,0.00513,0.99487
SLDA,LKCChard_173,train,-1.357937775587617,NA,CLK,CLK,0.53656,0.46344
SLDA,random_015,train,-2.091405509443429,NA,LKCC,CLK,0.84852,0.15148
SLDA,LKCCeasy_170,train,1.394128599426137,NA,LKCC,LKCC,0.00311,0.99689
SLDA,LKCChard_116,train,-1.8413816263265104,NA,CLK,CLK,0.76595,0.23405
SLDA,LKCChard_037,train,-1.7581902304270942,NA,CLK,CLK,0.73239,0.26761
SLDA,CLKeasy_100,train,1.0615418477264715,NA,LKCC,LKCC,0.00634,0.99366
SLDA,CLKhard_053,train,0.6404628648879348,NA,LKCC,LKCC,0.01554,0.98446
SLDA,LKCCeasy_128,train,1.3301529211960916,NA,LKCC,LKCC,0.00357,0.99643
SLDA,CLKeasy_006,train,1.3764285321402716,NA,LKCC,LKCC,0.00323,0.99677
SLDA,random_151,train,-0.8047190921093618,NA,LKCC,LKCC,0.26064,0.73936
SLDA,LKCChard_108,train,-0.9175416128235269,NA,CLK,LKCC,0.31,0.69
SLDA,CLKeasy_134,train,0.8472282121745363,NA,LKCC,LKCC,0.01002,0.98998
SLDA,LKCChard_158,train,-2.4011657915369162,NA,CLK,CLK,0.91597,0.08403
SLDA,LKCChard_008,train,-1.1721348663685063,NA,CLK,LKCC,0.43711,0.56289
SLDA,CLKeasy_143,train,1.2116658105796525,NA,LKCC,LKCC,0.0046,0.9954
SLDA,CLKhard_180,train,-0.514761266907491,NA,LKCC,LKCC,0.15898,0.84102
SLDA,CLKhard_042,train,0.3073496613675452,NA,LKCC,LKCC,0.03128,0.96872
SLDA,LKCChard_135,train,-1.9284857134540554,NA,CLK,CLK,0.79784,0.20216
SLDA,LKCChard_166,train,-2.071417141830776,NA,CLK,CLK,0.84291,0.15709
SLDA,random_067,train,-0.4525168950330753,NA,LKCC,LKCC,0.14189,0.85811
SLDA,CLKeasy_174,train,1.3059653556210233,NA,LKCC,LKCC,0.00376,0.99624
SLDA,LKCCeasy_059,train,2.0184977470929546,NA,LKCC,LKCC,8.2e-4,0.99918
SLDA,LKCCeasy_002,train,1.0910965300767792,NA,LKCC,LKCC,0.00596,0.99404
SLDA,LKCCeasy_176,train,0.6611225578361869,NA,LKCC,LKCC,0.01487,0.98513
SLDA,CLKhard_083,train,-1.9785668510819294,NA,LKCC,CLK,0.81464,0.18536
SLDA,CLKeasy_095,train,1.2638570011378205,NA,LKCC,LKCC,0.00412,0.99588
SLDA,LKCCeasy_135,train,1.104774589173504,NA,LKCC,LKCC,0.00578,0.99422
SLDA,random_036,train,-1.258145004479593,NA,LKCC,LKCC,0.483,0.517
SLDA,LKCChard_182,train,-1.425160953194953,NA,CLK,CLK,0.57223,0.42777
SLDA,CLKhard_167,train,1.3964061998196708,NA,LKCC,LKCC,0.0031,0.9969
SLDA,LKCChard_114,train,-0.8418657439188137,NA,CLK,LKCC,0.27632,0.72368
SLDA,LKCChard_076,train,-1.1690419839214903,NA,CLK,LKCC,0.43548,0.56452
SLDA,LKCCeasy_177,train,1.4061280560992446,NA,LKCC,LKCC,0.00303,0.99697
SLDA,CLKeasy_081,train,1.228979084889664,NA,LKCC,LKCC,0.00443,0.99557
SLDA,random_092,train,-0.6427480319617928,NA,LKCC,LKCC,0.19929,0.80071
SLDA,LKCCeasy_013,train,1.1473284489868902,NA,LKCC,LKCC,0.00528,0.99472
SLDA,CLKhard_049,train,-0.46444022558150394,NA,LKCC,LKCC,0.14504,0.85496
SLDA,random_081,train,-1.1628728366876744,NA,LKCC,LKCC,0.43222,0.56778
SLDA,CLKhard_035,train,1.3698213259738328,NA,LKCC,LKCC,0.00328,0.99672
SLDA,CLKeasy_157,train,1.1135276611672082,NA,LKCC,LKCC,0.00568,0.99432
SLDA,random_177,train,-1.5190986666380533,NA,LKCC,CLK,0.62079,0.37921
SLDA,LKCCeasy_041,train,1.361465416191509,NA,LKCC,LKCC,0.00334,0.99666
SLDA,LKCChard_096,train,-1.0374512268397023,NA,CLK,LKCC,0.36763,0.63237
SLDA,CLKhard_065,train,0.47310797634793145,NA,LKCC,LKCC,0.02211,0.97789
SLDA,LKCCeasy_092,train,0.6646132431032526,NA,LKCC,LKCC,0.01476,0.98524
SLDA,random_020,train,-0.6318855791683208,NA,LKCC,LKCC,0.19559000000000001,0.80441
SLDA,CLKeasy_166,train,0.7898525317503593,NA,LKCC,LKCC,0.01132,0.98868
SLDA,random_084,train,-0.33193488255364123,NA,LKCC,LKCC,0.11316,0.88684
SLDA,LKCCeasy_065,train,1.5389305120618972,NA,LKCC,LKCC,0.00228,0.99772
SLDA,LKCChard_022,train,-2.47766864675864,NA,CLK,CLK,0.92779,0.07221
SLDA,CLKhard_070,train,0.10545823721552994,NA,LKCC,LKCC,0.04747,0.95253
SLDA,random_057,train,-1.1384401529020869,NA,LKCC,LKCC,0.41938,0.58062
SLDA,random_098,train,-0.6521837283830979,NA,LKCC,LKCC,0.20254,0.79746
SLDA,CLKeasy_013,train,1.1636138825348965,NA,LKCC,LKCC,0.0051,0.9949
SLDA,LKCCeasy_112,train,0.6311535253493072,NA,LKCC,LKCC,0.01585,0.98415
SLDA,CLKhard_181,train,0.5136161634251032,NA,LKCC,LKCC,0.02031,0.97969
SLDA,LKCCeasy_124,train,1.3463464242044216,NA,LKCC,LKCC,0.00345,0.99655
SLDA,CLKeasy_090,train,1.3230767886581771,NA,LKCC,LKCC,0.00363,0.99637
SLDA,CLKhard_089,train,-0.15718225312109174,NA,LKCC,LKCC,0.08058,0.91942
SLDA,LKCCeasy_016,train,1.3138518029076207,NA,LKCC,LKCC,0.0037,0.9963
SLDA,CLKhard_032,train,-0.16915705860736333,NA,LKCC,LKCC,0.08251,0.91749
SLDA,random_014,train,-1.049095301636369,NA,LKCC,LKCC,0.37347,0.62653
SLDA,random_162,train,-1.3016466883599838,NA,LKCC,CLK,0.50637,0.49363
SLDA,LKCChard_088,train,-0.2689220601713548,NA,CLK,LKCC,0.10027,0.89973
SLDA,LKCChard_122,train,-1.763516226571677,NA,CLK,CLK,0.73463,0.26537
SLDA,CLKeasy_133,train,0.5423399156063462,NA,LKCC,LKCC,0.01911,0.98089
SLDA,random_141,train,-1.4158660681769528,NA,LKCC,CLK,0.56734,0.43266
SLDA,LKCCeasy_167,train,2.2094475600080834,NA,LKCC,LKCC,5.4e-4,0.99946
SLDA,CLKeasy_152,train,1.4082599384869272,NA,LKCC,LKCC,0.00302,0.99698
SLDA,LKCCeasy_004,train,1.7158539515818976,NA,LKCC,LKCC,0.00156,0.99844
SLDA,CLKhard_057,train,0.8763284738029566,NA,LKCC,LKCC,0.00942,0.99058
SLDA,CLKeasy_062,train,1.069249412334495,NA,LKCC,LKCC,0.00624,0.99376
SLDA,random_023,train,-0.5051931763476865,NA,LKCC,LKCC,0.15625,0.84375
SLDA,CLKhard_112,train,1.1156256555656408,NA,LKCC,LKCC,0.00565,0.99435
SLDA,random_024,train,-0.5524689601228535,NA,LKCC,LKCC,0.17012,0.82988
SLDA,LKCCeasy_127,train,1.3372979557025986,NA,LKCC,LKCC,0.00352,0.99648
SLDA,LKCCeasy_086,train,1.0735733993176138,NA,LKCC,LKCC,0.00618,0.99382
SLDA,LKCCeasy_079,train,1.5228815200161325,NA,LKCC,LKCC,0.00236,0.99764
SLDA,random_071,train,-1.1513472702039267,NA,LKCC,LKCC,0.42615,0.57385
SLDA,CLKeasy_096,train,1.2693962575953437,NA,LKCC,LKCC,0.00407,0.99593
SLDA,LKCCeasy_039,train,1.5697549201446048,NA,LKCC,LKCC,0.00214,0.99786
SLDA,CLKhard_066,train,0.8572481906259283,NA,LKCC,LKCC,0.00981,0.99019
SLDA,CLKeasy_033,train,0.7692146236447236,NA,LKCC,LKCC,0.01182,0.98818
SLDA,LKCCeasy_076,train,0.6256699271958178,NA,LKCC,LKCC,0.01603,0.98397
SLDA,CLKhard_011,train,0.8771543635248208,NA,LKCC,LKCC,0.0094,0.9906
SLDA,LKCCeasy_118,train,1.5730267921029129,NA,LKCC,LKCC,0.00212,0.99788
SLDA,CLKeasy_104,train,0.9950127283183878,NA,LKCC,LKCC,0.00731,0.99269
SLDA,LKCChard_052,train,-2.4958638219647575,NA,CLK,CLK,0.93037,0.06963
SLDA,CLKhard_123,train,-0.4753568275409028,NA,LKCC,LKCC,0.14798,0.85202
SLDA,LKCChard_145,train,-1.6369279022405938,NA,CLK,CLK,0.67834,0.32166
SLDA,LKCCeasy_169,train,3.352487722849114,NA,LKCC,LKCC,5e-5,0.99995
SLDA,random_153,train,-0.3850187487560259,NA,LKCC,LKCC,0.12513,0.87487
SLDA,CLKeasy_022,train,1.1430766377763677,NA,LKCC,LKCC,0.00533,0.99467
SLDA,LKCCeasy_025,train,1.6134389313464619,NA,LKCC,LKCC,0.00195,0.99805
SLDA,LKCCeasy_119,train,2.3705395923299606,NA,LKCC,LKCC,3.8e-4,0.99962
SLDA,CLKhard_051,train,-0.005269255668061336,NA,LKCC,LKCC,0.05947,0.94053
SLDA,CLKhard_085,train,-0.4658788625236147,NA,LKCC,LKCC,0.14543,0.85457
SLDA,random_008,train,-2.10828827650015,NA,LKCC,CLK,0.85312,0.14688
SLDA,random_168,train,-0.23238906986582533,NA,LKCC,LKCC,0.0934,0.9066
SLDA,LKCCeasy_006,train,0.8740950876104182,NA,LKCC,LKCC,0.00946,0.99054
SLDA,CLKhard_163,train,0.8130240882112264,NA,LKCC,LKCC,0.01077,0.98923
SLDA,CLKeasy_150,train,1.3161755389546577,NA,LKCC,LKCC,0.00368,0.99632
SLDA,CLKhard_026,train,0.5036733443192223,NA,LKCC,LKCC,0.02074,0.97926
SLDA,random_095,train,-1.1969054584624719,NA,LKCC,LKCC,0.45025,0.54975
SLDA,LKCCeasy_048,train,0.45256545812668975,NA,LKCC,LKCC,0.02309,0.97691
SLDA,LKCChard_136,train,-1.5870588203284657,NA,CLK,CLK,0.65452,0.34548
SLDA,CLKeasy_077,train,1.3113956002493998,NA,LKCC,LKCC,0.0037200000000000002,0.99628
SLDA,LKCChard_034,train,-1.1599477328510832,NA,CLK,LKCC,0.43068,0.56932
SLDA,CLKeasy_060,train,1.14118342319346,NA,LKCC,LKCC,0.00535,0.99465
SLDA,random_026,train,-0.9298816836290015,NA,LKCC,LKCC,0.3157,0.6843
SLDA,LKCCeasy_189,train,1.4168906405027164,NA,LKCC,LKCC,0.00297,0.99703
SLDA,CLKhard_059,train,-0.7681694455564243,NA,LKCC,LKCC,0.24579,0.75421
SLDA,CLKhard_073,train,0.8682405184080663,NA,LKCC,LKCC,0.00958,0.99042
SLDA,random_144,train,-0.42631798214397,NA,LKCC,LKCC,0.13517,0.86483
SLDA,random_087,train,-0.639614219654097,NA,LKCC,LKCC,0.19821,0.80179
SLDA,CLKeasy_014,train,1.0850592856442038,NA,LKCC,LKCC,0.00603,0.99397
SLDA,LKCCeasy_123,train,1.9067109356880172,NA,LKCC,LKCC,0.00104,0.99896
SLDA,random_152,train,-1.0621902318929337,NA,LKCC,LKCC,0.38008,0.61992
SLDA,LKCCeasy_005,train,0.9536761434161151,NA,LKCC,LKCC,0.00799,0.99201
SLDA,CLKeasy_015,train,1.7890539074211482,NA,LKCC,LKCC,0.00133,0.99867
SLDA,LKCChard_177,train,-0.3153761786312764,NA,CLK,LKCC,0.10964,0.89036
SLDA,LKCCeasy_073,train,1.727503108563496,NA,LKCC,LKCC,0.00152,0.99848
SLDA,CLKeasy_129,train,0.6545080372837092,NA,LKCC,LKCC,0.01508,0.98492
SLDA,LKCCeasy_165,train,0.7266900574313271,NA,LKCC,LKCC,0.01294,0.98706
SLDA,LKCCeasy_036,train,0.5975225892102723,NA,LKCC,LKCC,0.01701,0.98299
SLDA,LKCCeasy_157,train,1.08238484450905,NA,LKCC,LKCC,0.00607,0.99393
SLDA,CLKhard_131,train,0.701942934586037,NA,LKCC,LKCC,0.01364,0.98636
SLDA,random_094,train,-0.03920061674845227,NA,LKCC,LKCC,0.06368,0.93632
SLDA,CLKhard_155,train,1.6291701561036216,NA,LKCC,LKCC,0.00188,0.99812
SLDA,CLKhard_153,train,0.1533069525764051,NA,LKCC,LKCC,0.04303,0.95697
SLDA,CLKhard_177,train,1.006790215987915,NA,LKCC,LKCC,0.00713,0.99287
SLDA,CLKhard_080,train,0.3074133660611151,NA,LKCC,LKCC,0.03128,0.96872
SLDA,LKCChard_107,train,-2.24468979546374,NA,CLK,CLK,0.8862,0.1138
SLDA,LKCCeasy_115,train,0.20843973382016773,NA,LKCC,LKCC,0.03841,0.96159
SLDA,random_169,train,0.034226643784613334,NA,LKCC,LKCC,0.0549,0.9451
SLDA,LKCCeasy_136,train,0.9377034011702877,NA,LKCC,LKCC,0.00826,0.99174
SLDA,random_111,train,0.46950295916059276,NA,LKCC,LKCC,0.02228,0.97772
SLDA,CLKeasy_085,train,1.5627187171175059,NA,LKCC,LKCC,0.00217,0.99783
SLDA,random_050,train,-1.187221114892338,NA,LKCC,LKCC,0.44511,0.55489
SLDA,random_061,train,-1.172402538662401,NA,LKCC,LKCC,0.43725,0.56275
SLDA,LKCChard_024,train,-1.089996450281497,NA,CLK,LKCC,0.39426,0.60574
SLDA,LKCCeasy_018,train,2.3631745653371503,NA,LKCC,LKCC,3.9e-4,0.99961
SLDA,CLKhard_179,train,0.2347744880757662,NA,LKCC,LKCC,0.03637,0.96363
SLDA,CLKeasy_067,train,1.0377743498607062,NA,LKCC,LKCC,0.00667,0.99333
SLDA,random_018,train,-0.5635842779807058,NA,LKCC,LKCC,0.17351,0.82649
SLDA,random_172,train,0.005679552994687669,NA,LKCC,LKCC,0.05817,0.94183
SLDA,CLKhard_171,train,0.9160106419077173,NA,LKCC,LKCC,0.00865,0.99135
SLDA,LKCChard_154,train,-2.6459035918939997,NA,CLK,CLK,0.94858,0.05142
SLDA,CLKeasy_187,train,1.244441687896492,NA,LKCC,LKCC,0.00429,0.99571
SLDA,LKCCeasy_038,train,1.5339164331267399,NA,LKCC,LKCC,0.00231,0.99769
SLDA,LKCCeasy_053,train,2.2261015369382493,NA,LKCC,LKCC,5.2e-4,0.99948
SLDA,LKCCeasy_166,train,1.4128307530813147,NA,LKCC,LKCC,0.00299,0.99701
SLDA,LKCCeasy_102,train,1.514788881526332,NA,LKCC,LKCC,0.0024,0.9976
SLDA,CLKhard_064,train,-1.0213479147768871,NA,LKCC,LKCC,0.35963,0.64037
SLDA,LKCCeasy_015,train,1.5019432317928583,NA,LKCC,LKCC,0.00247,0.99753
SLDA,random_127,train,-1.6550747070809992,NA,LKCC,CLK,0.68679,0.31321
SLDA,CLKhard_135,train,-0.17109265021185144,NA,LKCC,LKCC,0.08283,0.91717
SLDA,random_173,train,-0.5976284182634227,NA,LKCC,LKCC,0.18426,0.81574
SLDA,CLKeasy_132,train,0.6080587414579183,NA,LKCC,LKCC,0.01664,0.98336
SLDA,CLKeasy_099,train,0.8490442301697276,NA,LKCC,LKCC,0.00998,0.99002
SLDA,CLKeasy_017,train,0.977359371032641,NA,LKCC,LKCC,0.00759,0.99241
SLDA,LKCChard_112,train,-1.1885717375454037,NA,CLK,LKCC,0.44582,0.55418
SLDA,CLKhard_079,train,-1.3585417475239034,NA,LKCC,CLK,0.53688,0.46312
SLDA,CLKhard_030,train,0.06996560763112561,NA,LKCC,LKCC,0.05104,0.94896
SLDA,CLKeasy_164,train,1.3047266090921443,NA,LKCC,LKCC,0.00377,0.99623
SLDA,CLKhard_043,train,0.9581902353772404,NA,LKCC,LKCC,0.00791,0.99209
SLDA,LKCCeasy_133,train,0.8912480979188068,NA,LKCC,LKCC,0.00912,0.99088
SLDA,CLKeasy_136,train,1.1218180120768366,NA,LKCC,LKCC,0.00558,0.99442
SLDA,LKCCeasy_096,train,0.5525167706900554,NA,LKCC,LKCC,0.01871,0.98129
SLDA,CLKeasy_124,train,0.16867561554504903,NA,LKCC,LKCC,0.04169,0.95831
SLDA,random_119,train,-1.751620722433284,NA,LKCC,CLK,0.72962,0.27038
SLDA,CLKhard_058,train,0.8444525504547145,NA,LKCC,LKCC,0.01008,0.98992
SLDA,LKCCeasy_163,train,1.5312552521444165,NA,LKCC,LKCC,0.00232,0.99768
SLDA,LKCCeasy_183,train,0.7598043050946579,NA,LKCC,LKCC,0.01206,0.98794
SLDA,CLKhard_021,train,0.34591202985606917,NA,LKCC,LKCC,0.02887,0.97113
SLDA,LKCCeasy_139,train,1.3734575533597433,NA,LKCC,LKCC,0.00325,0.99675
SLDA,CLKhard_169,train,1.18444915237265,NA,LKCC,LKCC,0.00488,0.99512
SLDA,random_159,train,-1.6418528105809702,NA,LKCC,CLK,0.68064,0.31936
SLDA,LKCCeasy_173,train,0.7765141141447698,NA,LKCC,LKCC,0.01164,0.98836
SLDA,LKCCeasy_017,train,0.9977827795029439,NA,LKCC,LKCC,0.00727,0.99273
SLDA,LKCChard_035,train,-1.4283041184292768,NA,CLK,CLK,0.57389,0.42611
SLDA,LKCCeasy_068,train,0.764250825714957,NA,LKCC,LKCC,0.01195,0.98805
SLDA,LKCChard_146,train,-1.218875686399544,NA,CLK,LKCC,0.46197,0.53803
SLDA,CLKhard_157,train,1.3198251066367237,NA,LKCC,LKCC,0.00365,0.99635
SLDA,LKCCeasy_100,train,1.8629093634902676,NA,LKCC,LKCC,0.00114,0.99886
SLDA,CLKhard_013,train,0.8864571468021736,NA,LKCC,LKCC,0.00921,0.99079
SLDA,CLKhard_120,train,0.9924501926073075,NA,LKCC,LKCC,0.00735,0.99265
SLDA,CLKhard_106,train,-1.12711646286849,NA,LKCC,LKCC,0.41347,0.58653
SLDA,random_165,train,-0.45593050750512726,NA,LKCC,LKCC,0.14279,0.85721
SLDA,CLKeasy_084,train,1.1397394363032194,NA,LKCC,LKCC,0.00537,0.99463
SLDA,LKCChard_148,train,-2.3421787951919044,NA,CLK,CLK,0.90568,0.09432
SLDA,LKCCeasy_186,train,1.0838989710576374,NA,LKCC,LKCC,0.00605,0.99395
SLDA,random_140,train,-0.21209305862277203,NA,LKCC,LKCC,0.08977,0.91023
SLDA,CLKhard_005,train,-0.47460285047577516,NA,LKCC,LKCC,0.14777,0.85223
SLDA,LKCCeasy_184,train,1.7979421288436663,NA,LKCC,LKCC,0.00131,0.99869
SLDA,CLKeasy_139,train,1.1082165148128742,NA,LKCC,LKCC,0.00574,0.99426
SLDA,LKCCeasy_107,train,0.6924464346202258,NA,LKCC,LKCC,0.01392,0.98608
SLDA,LKCChard_027,train,-1.4804860000069706,NA,CLK,CLK,0.60106,0.39894
SLDA,LKCCeasy_132,train,1.093718738014537,NA,LKCC,LKCC,0.00592,0.99408
SLDA,CLKhard_010,train,0.5083934169178719,NA,LKCC,LKCC,0.02053,0.97947
SLDA,random_027,train,-0.9044222806894135,NA,LKCC,LKCC,0.304,0.696
SLDA,CLKeasy_043,train,1.211973561328383,NA,LKCC,LKCC,0.0046,0.9954
SLDA,LKCChard_042,train,-3.0242562042885717,NA,CLK,CLK,0.97653,0.02347
SLDA,LKCCeasy_034,train,1.0984303852100967,NA,LKCC,LKCC,0.00586,0.99414
SLDA,random_149,train,-1.1468595951965632,NA,LKCC,LKCC,0.42379,0.57621
SLDA,CLKeasy_008,train,1.7330874977822914,NA,LKCC,LKCC,0.00151,0.99849
SLDA,CLKeasy_122,train,1.2913641725253016,NA,LKCC,LKCC,0.00388,0.99612
SLDA,LKCCeasy_082,train,1.5900995727986227,NA,LKCC,LKCC,0.00205,0.99795
SLDA,CLKeasy_039,train,0.7916039359359824,NA,LKCC,LKCC,0.01128,0.98872
SLDA,LKCChard_109,train,-2.454900084063698,NA,CLK,CLK,0.92444,0.07556
SLDA,random_131,train,-1.499021804541962,NA,LKCC,CLK,0.61058,0.38942
SLDA,LKCChard_058,train,-1.558142989788585,NA,CLK,CLK,0.64033,0.35967
SLDA,CLKhard_147,train,-0.5753351136923299,NA,LKCC,LKCC,0.17717,0.82283
SLDA,CLKeasy_098,train,1.0992841141219416,NA,LKCC,LKCC,0.00585,0.99415
SLDA,LKCCeasy_152,train,1.4676099695501965,NA,LKCC,LKCC,0.00266,0.99734
SLDA,CLKhard_069,train,-0.832056056366309,NA,LKCC,LKCC,0.27213,0.72787
SLDA,LKCChard_014,train,-1.0804061317931877,NA,CLK,LKCC,0.38935,0.61065
SLDA,LKCCeasy_120,train,0.795701326510518,NA,LKCC,LKCC,0.01118,0.98882
SLDA,random_145,train,-0.8878283101924284,NA,LKCC,LKCC,0.29651,0.70349
SLDA,CLKhard_078,train,-0.19227598379442667,NA,LKCC,LKCC,0.08635,0.91365
SLDA,LKCChard_184,train,-1.6123975994941095,NA,CLK,CLK,0.66673,0.33327
SLDA,LKCChard_113,train,-3.1451702228232037,NA,CLK,CLK,0.9818,0.0182
SLDA,CLKeasy_071,train,0.7987154241092029,NA,LKCC,LKCC,0.01111,0.98889
SLDA,random_166,train,-2.2651473103744917,NA,LKCC,CLK,0.89056,0.10944
SLDA,CLKeasy_093,train,0.9620971445507621,NA,LKCC,LKCC,0.00784,0.99216
SLDA,LKCChard_039,train,-1.1248837787212498,NA,CLK,LKCC,0.4123,0.5877
SLDA,CLKeasy_075,train,1.1584879302162308,NA,LKCC,LKCC,0.00516,0.99484
SLDA,CLKeasy_162,train,1.4846982275103568,NA,LKCC,LKCC,0.00256,0.99744
SLDA,LKCCeasy_046,train,0.7771516974305315,NA,LKCC,LKCC,0.01163,0.98837
SLDA,LKCChard_156,train,-1.1722914759353074,NA,CLK,LKCC,0.4372,0.5628
SLDA,LKCChard_172,train,-2.019958739298217,NA,CLK,CLK,0.8277,0.1723
SLDA,CLKeasy_127,train,2.2532407355551207,NA,LKCC,LKCC,4.9e-4,0.99951
SLDA,CLKeasy_178,train,1.0923822684681703,NA,LKCC,LKCC,0.00594,0.99406
SLDA,CLKeasy_057,train,1.102768873834807,NA,LKCC,LKCC,0.00581,0.99419
SLDA,LKCCeasy_110,train,1.9455125490837115,NA,LKCC,LKCC,9.5e-4,0.99905
SLDA,random_001,train,-1.4010464606341486,NA,LKCC,CLK,0.5595,0.4405
SLDA,LKCCeasy_153,train,0.7820814391812649,NA,LKCC,LKCC,0.01151,0.98849
SLDA,LKCChard_005,train,-2.2434473961289076,NA,CLK,CLK,0.88593,0.11407
SLDA,CLKeasy_092,train,1.3526124707442024,NA,LKCC,LKCC,0.0034,0.9966
SLDA,LKCChard_129,train,-2.365084201301781,NA,CLK,CLK,0.90981,0.09019
SLDA,CLKeasy_048,train,1.170201451135155,NA,LKCC,LKCC,0.00503,0.99497
SLDA,CLKhard_012,train,-0.2542844425441287,NA,LKCC,LKCC,0.09746,0.90254
SLDA,CLKeasy_058,train,0.9570565401317158,NA,LKCC,LKCC,0.00793,0.99207
SLDA,random_005,train,-1.0349609924406384,NA,LKCC,LKCC,0.36639,0.63361
SLDA,LKCCeasy_141,train,2.1058579187188333,NA,LKCC,LKCC,6.8e-4,0.99932
SLDA,random_056,train,-0.8172479837971612,NA,LKCC,LKCC,0.26587,0.73413
SLDA,LKCCeasy_069,train,1.4265956539342113,NA,LKCC,LKCC,0.0029,0.9971
SLDA,CLKhard_145,train,0.9851944829321719,NA,LKCC,LKCC,0.00747,0.99253
SLDA,CLKhard_136,train,-0.7657679992870206,NA,LKCC,LKCC,0.24484,0.75516
SLDA,CLKeasy_135,train,1.0687337573771,NA,LKCC,LKCC,0.00625,0.99375
SLDA,LKCChard_081,train,-1.4951401500321775,NA,CLK,CLK,0.60859,0.39141
SLDA,LKCCeasy_160,train,1.6712351758741686,NA,LKCC,LKCC,0.00172,0.99828
SLDA,CLKeasy_107,train,1.073759411518391,NA,LKCC,LKCC,0.00618,0.99382
SLDA,CLKhard_144,train,-0.1688151202457568,NA,LKCC,LKCC,0.08246,0.91754
SLDA,random_112,train,-1.0902435491942404,NA,LKCC,LKCC,0.39439,0.60561
SLDA,LKCCeasy_023,train,2.2593522957014964,NA,LKCC,LKCC,4.9e-4,0.99951
SLDA,LKCCeasy_007,train,2.0195185475251036,NA,LKCC,LKCC,8.1e-4,0.99919
SLDA,CLKeasy_042,train,0.38084262815036735,NA,LKCC,LKCC,0.02683,0.97317
SLDA,random_007,train,-0.595734298570134,NA,LKCC,LKCC,0.18365,0.81635
SLDA,random_011,train,-1.7629125328437267,NA,LKCC,CLK,0.73438,0.26562
SLDA,LKCChard_147,train,-2.184681119070294,NA,CLK,CLK,0.87253,0.12747
SLDA,random_089,train,-0.36588974395420953,NA,LKCC,LKCC,0.1207,0.8793
SLDA,LKCChard_190,train,-1.5764144626552696,NA,CLK,CLK,0.64933,0.35067
SLDA,CLKhard_029,train,-0.8745201019150438,NA,LKCC,LKCC,0.29058,0.70942
SLDA,random_137,train,-0.7669793221735296,NA,LKCC,LKCC,0.24532,0.75468
SLDA,LKCChard_079,train,-2.206977026583009,NA,CLK,CLK,0.87776,0.12224
SLDA,LKCChard_048,train,-2.321024473875464,NA,CLK,CLK,0.90173,0.09827
SLDA,LKCCeasy_024,train,1.5181330764679986,NA,LKCC,LKCC,0.00239,0.99761
SLDA,random_093,train,-1.1304123352838449,NA,LKCC,LKCC,0.41519,0.58481
SLDA,LKCChard_139,train,-0.9103663683829125,NA,CLK,LKCC,0.30671,0.69329
SLDA,LKCChard_053,train,-2.347922801412112,NA,CLK,CLK,0.90673,0.09327
SLDA,CLKeasy_170,train,1.6001274115218411,NA,LKCC,LKCC,0.002,0.998
SLDA,LKCCeasy_101,train,2.6251796548639104,NA,LKCC,LKCC,2.2e-4,0.99978
SLDA,CLKhard_060,train,-0.3651203347861195,NA,LKCC,LKCC,0.12052,0.87948
SLDA,LKCChard_119,train,-0.5663481968301842,NA,CLK,LKCC,0.17437,0.82563
SLDA,LKCCeasy_103,train,1.0959526520012257,NA,LKCC,LKCC,0.00589,0.99411
SLDA,LKCChard_155,train,-2.725813160815218,NA,CLK,CLK,0.95634,0.04366
SLDA,LKCCeasy_154,train,2.1095827203298874,NA,LKCC,LKCC,6.7e-4,0.99933
SLDA,random_096,train,0.39505743573248914,NA,LKCC,LKCC,0.02605,0.97395
SLDA,LKCCeasy_125,train,1.433321522164531,NA,LKCC,LKCC,0.00286,0.99714
SLDA,CLKhard_006,train,-0.03028225483476645,NA,LKCC,LKCC,0.06255,0.93745
SLDA,random_076,train,-1.143422633843087,NA,LKCC,LKCC,0.42199,0.57801
SLDA,LKCChard_132,train,-2.843134542775699,NA,CLK,CLK,0.96574,0.03426
SLDA,random_053,train,-0.4461664869753042,NA,LKCC,LKCC,0.14024,0.85976
SLDA,LKCChard_142,train,-1.5849476812132797,NA,CLK,CLK,0.65349,0.34651
SLDA,LKCChard_128,train,-1.2760143951026843,NA,CLK,LKCC,0.4926,0.5074
SLDA,CLKeasy_181,train,1.1751122176237905,NA,LKCC,LKCC,0.00498,0.99502
SLDA,LKCCeasy_187,train,1.5693974084635154,NA,LKCC,LKCC,0.00214,0.99786
SLDA,CLKhard_081,train,0.42235329026623963,NA,LKCC,LKCC,0.0246,0.9754
SLDA,random_030,train,-1.1805810573356799,NA,LKCC,LKCC,0.44158,0.55842
SLDA,CLKeasy_070,train,1.0877257108197014,NA,LKCC,LKCC,0.006,0.994
SLDA,LKCChard_074,train,-2.2361286563755334,NA,CLK,CLK,0.88433,0.11567
SLDA,LKCChard_171,train,-0.9846326193352442,NA,CLK,LKCC,0.34166,0.65834
SLDA,random_110,train,0.2633219361572909,NA,LKCC,LKCC,0.03428,0.96572
SLDA,CLKhard_007,train,0.4481636370137782,NA,LKCC,LKCC,0.0233,0.9767
SLDA,CLKeasy_113,train,1.2845809098590635,NA,LKCC,LKCC,0.00394,0.99606
SLDA,random_106,train,-0.4617542752563285,NA,LKCC,LKCC,0.14433000000000001,0.85567
SLDA,CLKhard_137,train,-0.32584877498331966,NA,LKCC,LKCC,0.11186,0.88814
SLDA,CLKhard_095,train,0.8974776158135738,NA,LKCC,LKCC,0.009,0.991
SLDA,CLKeasy_053,train,1.3463143227039551,NA,LKCC,LKCC,0.00345,0.99655
SLDA,CLKeasy_034,train,1.2159263557001572,NA,LKCC,LKCC,0.00456,0.99544
SLDA,CLKhard_062,train,0.5813010819174178,NA,LKCC,LKCC,0.01761,0.98239
SLDA,random_132,train,-1.0612569263894494,NA,LKCC,LKCC,0.37961,0.62039
SLDA,LKCChard_013,train,-2.687286203127263,NA,CLK,CLK,0.95275,0.04725
SLDA,LKCChard_101,train,-1.7160137570182434,NA,CLK,CLK,0.71425,0.28575
SLDA,LKCCeasy_140,train,2.115580175992395,NA,LKCC,LKCC,6.6e-4,0.99934
SLDA,CLKhard_074,train,0.9898490341886472,NA,LKCC,LKCC,0.00739,0.99261
SLDA,CLKeasy_103,train,0.6718355597675483,NA,LKCC,LKCC,0.01454,0.98546
SLDA,LKCChard_044,train,-0.4699093121449938,NA,CLK,LKCC,0.14651,0.85349
SLDA,random_083,train,-1.7490624716291985,NA,LKCC,CLK,0.72853,0.27147
SLDA,CLKhard_024,train,1.0263572389311268,NA,LKCC,LKCC,0.00684,0.99316
SLDA,LKCChard_125,train,-1.1643682572277734,NA,CLK,LKCC,0.43301,0.56699
SLDA,LKCCeasy_142,train,0.7935736531035232,NA,LKCC,LKCC,0.01123,0.98877
SLDA,random_079,train,-2.0173290904523844,NA,LKCC,CLK,0.8269,0.1731
SLDA,LKCCeasy_032,train,0.9864977045495756,NA,LKCC,LKCC,0.00745,0.99255
SLDA,CLKeasy_120,train,1.4310812197350091,NA,LKCC,LKCC,0.00288,0.99712
SLDA,LKCCeasy_126,train,1.1278395040589866,NA,LKCC,LKCC,0.00551,0.99449
SLDA,LKCChard_130,train,-1.2617603000036615,NA,CLK,LKCC,0.48494,0.51506
SLDA,CLKhard_165,train,0.5695461754017774,NA,LKCC,LKCC,0.01805,0.98195
SLDA,LKCCeasy_094,train,1.6218574716964793,NA,LKCC,LKCC,0.00191,0.99809
SLDA,CLKhard_142,train,0.29615823923040097,NA,LKCC,LKCC,0.03202,0.96798
SLDA,CLKhard_100,train,1.3125522606795375,NA,LKCC,LKCC,0.00371,0.99629
SLDA,random_038,train,-1.311261896478183,NA,LKCC,CLK,0.51154,0.48846
SLDA,CLKeasy_036,train,1.365251763124075,NA,LKCC,LKCC,0.00331,0.99669
SLDA,CLKhard_056,train,-0.43062342508512386,NA,LKCC,LKCC,0.13626,0.86374
SLDA,CLKhard_054,train,-0.1531732769622358,NA,LKCC,LKCC,0.07995,0.92005
SLDA,LKCChard_095,train,-0.9066993404365351,NA,CLK,LKCC,0.30504,0.69496
SLDA,LKCCeasy_049,train,2.046671431332273,NA,LKCC,LKCC,7.7e-4,0.99923
SLDA,CLKhard_159,train,-0.11040853536648412,NA,LKCC,LKCC,0.07344,0.92656
SLDA,LKCCeasy_050,train,0.20720268041645248,NA,LKCC,LKCC,0.03851,0.96149
SLDA,LKCChard_098,train,-1.8130049611828079,NA,CLK,CLK,0.75484,0.24516
SLDA,LKCCeasy_158,train,0.9796837838098615,NA,LKCC,LKCC,0.00755,0.99245
SLDA,CLKhard_133,train,0.1401244570928225,NA,LKCC,LKCC,0.04421,0.95579
SLDA,LKCCeasy_155,train,1.7556988478653737,NA,LKCC,LKCC,0.00143,0.99857
SLDA,random_064,train,-0.9486747886990402,NA,LKCC,LKCC,0.32449,0.67551
SLDA,LKCChard_080,train,-0.922083336350529,NA,CLK,LKCC,0.31209,0.68791
SLDA,LKCChard_164,train,-1.6695072572422456,NA,CLK,CLK,0.69342,0.30658
SLDA,LKCChard_100,train,-1.8735959786929162,NA,CLK,CLK,0.77814,0.22186
SLDA,LKCChard_127,train,-1.2225650138216955,NA,CLK,LKCC,0.46394,0.53606
SLDA,CLKeasy_131,train,0.8551023878713411,NA,LKCC,LKCC,0.00985,0.99015
SLDA,LKCChard_036,train,-2.227443661025892,NA,CLK,CLK,0.88241,0.11759
SLDA,LKCCeasy_172,train,2.2559436731953113,NA,LKCC,LKCC,4.9e-4,0.99951
SLDA,random_031,train,-1.2857016317256336,NA,LKCC,LKCC,0.4978,0.5022
SLDA,CLKhard_174,train,0.9496869775372004,NA,LKCC,LKCC,0.00805,0.99195
SLDA,CLKhard_166,train,0.31750319371676955,NA,LKCC,LKCC,0.03063,0.96937
SLDA,random_102,train,-0.5049502242429953,NA,LKCC,LKCC,0.15618,0.84382
SLDA,CLKhard_038,train,0.08447765449136631,NA,LKCC,LKCC,0.04955,0.95045
SLDA,LKCCeasy_180,train,1.5446266746919715,NA,LKCC,LKCC,0.00225,0.99775
SLDA,CLKeasy_025,train,0.7125826755499045,NA,LKCC,LKCC,0.01333,0.98667
SLDA,CLKeasy_019,train,2.091772981204005,NA,LKCC,LKCC,7e-4,0.9993
SLDA,CLKhard_122,train,-0.14325164507662444,NA,LKCC,LKCC,0.07839,0.92161
SLDA,CLKhard_113,train,0.8615457013707792,NA,LKCC,LKCC,0.00972,0.99028
SLDA,LKCChard_064,train,-0.9376968208522327,NA,CLK,LKCC,0.31934,0.68066
SLDA,CLKeasy_047,train,1.0455756810169483,NA,LKCC,LKCC,0.00656,0.99344
SLDA,CLKhard_063,train,0.14109214548005006,NA,LKCC,LKCC,0.04413,0.95587
SLDA,LKCCeasy_035,train,1.3292015569293611,NA,LKCC,LKCC,0.00358,0.99642
SLDA,LKCChard_067,train,-1.1398724479385534,NA,CLK,LKCC,0.42013,0.57987
SLDA,CLKeasy_190,train,0.8205576393017822,NA,LKCC,LKCC,0.0106,0.9894
SLDA,CLKeasy_155,train,1.04987096231286,NA,LKCC,LKCC,0.0065,0.9935
SLDA,LKCChard_105,train,-1.375621970668673,NA,CLK,CLK,0.54599,0.45401
SLDA,random_090,train,-0.8777046811437771,NA,LKCC,LKCC,0.29199,0.70801
SLDA,CLKhard_046,train,-0.07048311517171094,NA,LKCC,LKCC,0.06781,0.93219
SLDA,LKCCeasy_033,train,1.184440128153856,NA,LKCC,LKCC,0.00488,0.99512
SLDA,CLKhard_076,train,2.189634647296619,NA,LKCC,LKCC,5.6e-4,0.99944
SLDA,LKCCeasy_012,train,0.7155533885624895,NA,LKCC,LKCC,0.01325,0.98675
SLDA,CLKeasy_040,train,1.1493981097162542,NA,LKCC,LKCC,0.00526,0.99474
SLDA,random_101,train,-2.0971538500233975,NA,LKCC,CLK,0.8501,0.1499
SLDA,CLKeasy_130,train,0.4754919126461989,NA,LKCC,LKCC,0.022,0.978
SLDA,random_060,train,-1.18180851603792,NA,LKCC,LKCC,0.44224,0.55776
SLDA,CLKeasy_001,train,1.4317828029699176,NA,LKCC,LKCC,0.00287,0.99713
SLDA,random_105,train,-0.9132393556111802,NA,LKCC,LKCC,0.30803,0.69197
SLDA,LKCChard_049,train,-2.6968136938511065,NA,CLK,CLK,0.95366,0.04634
SLDA,random_146,train,-1.7224085880197877,NA,LKCC,CLK,0.71705,0.28295
SLDA,random_160,train,-1.437480391398467,NA,LKCC,CLK,0.5787,0.4213
SLDA,LKCCeasy_022,train,2.141223916980992,NA,LKCC,LKCC,6.3e-4,0.99937
SLDA,random_097,train,-1.5408095335485372,NA,LKCC,CLK,0.63171,0.36829
SLDA,CLKeasy_094,train,1.2425204204258604,NA,LKCC,LKCC,0.00431,0.99569
SLDA,LKCChard_115,train,-1.2836008201655689,NA,CLK,LKCC,0.49668,0.50332
SLDA,LKCCeasy_045,train,0.29735251786726585,NA,LKCC,LKCC,0.03194,0.96806
SLDA,CLKhard_158,train,0.8229723850961098,NA,LKCC,LKCC,0.01055,0.98945
SLDA,random_103,train,-0.6694981195521988,NA,LKCC,LKCC,0.20862,0.79138
SLDA,CLKeasy_128,train,0.8353686492098065,NA,LKCC,LKCC,0.01027,0.98973
SLDA,random_045,train,-0.8875159398444616,NA,LKCC,LKCC,0.29637,0.70363
SLDA,CLKhard_096,train,0.45408510848100314,NA,LKCC,LKCC,0.02302,0.97698
SLDA,LKCCeasy_181,train,0.992454939486223,NA,LKCC,LKCC,0.00735,0.99265
SLDA,CLKhard_149,train,0.11654009150304666,NA,LKCC,LKCC,0.04641,0.95359
SLDA,CLKeasy_186,train,1.301347212297188,NA,LKCC,LKCC,0.0038,0.9962
SLDA,LKCCeasy_040,train,0.6399362230276808,NA,LKCC,LKCC,0.01555,0.98445
SLDA,LKCChard_118,train,-2.0090644478414394,NA,CLK,CLK,0.82434,0.17566
SLDA,CLKeasy_027,train,1.2977817851751032,NA,LKCC,LKCC,0.00383,0.99617
SLDA,CLKeasy_026,train,0.9852725054789903,NA,LKCC,LKCC,0.00746,0.99254
SLDA,LKCChard_057,train,-1.7010173858937176,NA,CLK,CLK,0.70763,0.29237
SLDA,LKCCeasy_088,train,1.4430645669557645,NA,LKCC,LKCC,0.0028,0.9972
SLDA,random_188,train,-2.0316091403095324,NA,LKCC,CLK,0.83125,0.16875
SLDA,LKCChard_120,train,-1.9295734390158472,NA,CLK,CLK,0.79821,0.20179
SLDA,CLKhard_190,train,-0.04090490693583614,NA,LKCC,LKCC,0.0639,0.9361
SLDA,LKCCeasy_178,train,2.0498382218627476,NA,LKCC,LKCC,7.6e-4,0.99924
SLDA,LKCCeasy_149,train,2.0394952912778894,NA,LKCC,LKCC,7.8e-4,0.99922
SLDA,CLKeasy_123,train,1.5029213029244204,NA,LKCC,LKCC,0.00247,0.99753
SLDA,random_182,train,-1.5409443605543904,NA,LKCC,CLK,0.63178,0.36822
SLDA,LKCChard_121,train,-0.9494576393986002,NA,CLK,LKCC,0.32486,0.67514
SLDA,CLKeasy_065,train,0.5764552560061771,NA,LKCC,LKCC,0.01779,0.98221
SLDA,LKCCeasy_093,train,1.4442498743854264,NA,LKCC,LKCC,0.0028,0.9972
SLDA,random_034,train,-0.9819204567582941,NA,LKCC,LKCC,0.34035,0.65965
SLDA,random_032,train,-1.0069034980959746,NA,LKCC,LKCC,0.35251,0.64749
SLDA,LKCChard_167,train,-1.3806508615081454,NA,CLK,CLK,0.54867,0.45133
SLDA,random_108,train,-0.9861095779401851,NA,LKCC,LKCC,0.34237,0.65763
SLDA,LKCCeasy_026,train,1.2105797396084823,NA,LKCC,LKCC,0.00461,0.99539
SLDA,LKCChard_020,train,-2.6826625928181524,NA,CLK,CLK,0.9523,0.0477
SLDA,CLKeasy_125,train,0.922173239396954,NA,LKCC,LKCC,0.00854,0.99146
SLDA,random_004,train,-1.1690184883435357,NA,LKCC,LKCC,0.43547,0.56453
SLDA,random_077,train,-0.7828208771583015,NA,LKCC,LKCC,0.25168,0.74832
SLDA,LKCCeasy_055,train,-0.1985276772152379,NA,LKCC,LKCC,0.08742,0.91258
SLDA,LKCCeasy_090,train,1.4882046022399698,NA,LKCC,LKCC,0.00254,0.99746
SLDA,random_117,train,-0.2156936013511164,NA,LKCC,LKCC,0.09041,0.90959
SLDA,CLKeasy_066,train,0.8807363090857928,NA,LKCC,LKCC,0.00933,0.99067
SLDA,CLKeasy_069,train,0.6218238272194687,NA,LKCC,LKCC,0.01616,0.98384
SLDA,LKCChard_123,train,0.1505318006790553,NA,CLK,LKCC,0.04328,0.95672
SLDA,LKCCeasy_116,train,1.575461810335881,NA,LKCC,LKCC,0.00211,0.99789
SLDA,CLKeasy_112,train,0.5239670040788402,NA,LKCC,LKCC,0.01987,0.98013
SLDA,CLKeasy_111,train,1.5954128085007124,NA,LKCC,LKCC,0.00202,0.99798
SLDA,random_107,train,0.21331628104854503,NA,LKCC,LKCC,0.03802,0.96198
SLDA,LKCChard_152,train,-1.3447736984253302,NA,CLK,CLK,0.52951,0.47049
SLDA,LKCCeasy_071,train,0.5203669142167036,NA,LKCC,LKCC,0.02002,0.97998
SLDA,LKCChard_073,train,-1.1031720322265854,NA,CLK,LKCC,0.40104,0.59896
SLDA,CLKhard_162,train,1.705799084564464,NA,LKCC,LKCC,0.0016,0.9984
SLDA,LKCCeasy_072,train,1.6688323924582995,NA,LKCC,LKCC,0.00173,0.99827
SLDA,CLKeasy_063,train,0.803185124407202,NA,LKCC,LKCC,0.011,0.989
SLDA,random_184,train,-1.250245601152242,NA,LKCC,LKCC,0.47876,0.52124
SLDA,CLKhard_015,train,1.646979437831177,NA,LKCC,LKCC,0.00181,0.99819
SLDA,random_046,train,-1.1406396179708773,NA,LKCC,LKCC,0.42053,0.57947
SLDA,CLKeasy_028,train,0.653466920648238,NA,LKCC,LKCC,0.01511,0.98489
SLDA,LKCChard_183,train,-3.228028042114064,NA,CLK,CLK,0.98472,0.01528
SLDA,random_070,train,-1.2462283226129534,NA,LKCC,LKCC,0.47661,0.52339
SLDA,LKCChard_054,train,-1.8510683922211177,NA,CLK,CLK,0.76967,0.23033
SLDA,CLKeasy_054,train,1.096797626371728,NA,LKCC,LKCC,0.00588,0.99412
SLDA,CLKhard_101,train,-0.8723418978124252,NA,LKCC,LKCC,0.28961,0.71039
SLDA,random_055,train,-0.5582605400711123,NA,LKCC,LKCC,0.17188,0.82812
SLDA,CLKeasy_142,train,0.6044640418717887,NA,LKCC,LKCC,0.01677,0.98323
SLDA,CLKeasy_038,train,1.2592534234736263,NA,LKCC,LKCC,0.00416,0.99584
SLDA,LKCChard_134,train,-1.225492624363887,NA,CLK,LKCC,0.46551,0.53449
SLDA,CLKhard_003,train,0.922842697839208,NA,LKCC,LKCC,0.00853,0.99147
SLDA,LKCCeasy_070,train,1.144260141675303,NA,LKCC,LKCC,0.00532,0.99468
SLDA,LKCCeasy_188,train,1.8291142938738452,NA,LKCC,LKCC,0.00122,0.99878
SLDA,LKCChard_174,train,-0.35522333955761065,NA,CLK,LKCC,0.11828,0.88172
SLDA,CLKhard_132,train,-0.3540998591731536,NA,LKCC,LKCC,0.11803,0.88197
SLDA,CLKeasy_091,train,0.9475103140284041,NA,LKCC,LKCC,0.00809,0.99191
SLDA,CLKhard_041,train,-0.15754660178991636,NA,LKCC,LKCC,0.08064,0.91936
SLDA,LKCChard_144,train,-1.3688249134518808,NA,CLK,CLK,0.54237,0.45763
SLDA,CLKeasy_138,train,1.0570523320220209,NA,LKCC,LKCC,0.0064,0.9936
SLDA,LKCChard_149,train,-2.5096092159946775,NA,CLK,CLK,0.93226,0.06774
SLDA,LKCCeasy_077,train,0.9278384344789421,NA,LKCC,LKCC,0.00844,0.99156
SLDA,CLKeasy_030,train,1.679531119415373,NA,LKCC,LKCC,0.00169,0.99831
SLDA,LKCChard_102,train,-0.07937258482814988,NA,CLK,LKCC,0.06903,0.93097
SLDA,LKCCeasy_097,train,0.8051372738450063,NA,LKCC,LKCC,0.01096,0.98904
SLDA,LKCChard_124,train,-1.2861974456011405,NA,CLK,LKCC,0.49807,0.50193
SLDA,random_170,train,-1.4826855218251889,NA,LKCC,CLK,0.60219,0.39781
SLDA,CLKeasy_173,train,0.6163196923370529,NA,LKCC,LKCC,0.01635,0.98365
SLDA,LKCCeasy_052,train,0.4603888599819506,NA,LKCC,LKCC,0.02271,0.97729
SLDA,random_052,train,-0.9826375410228333,NA,LKCC,LKCC,0.3407,0.6593
SLDA,random_179,train,0.37322263954053514,NA,LKCC,LKCC,0.02726,0.97274
SLDA,LKCChard_104,train,-1.7152477061786902,NA,CLK,CLK,0.71392,0.28608
SLDA,CLKhard_126,train,0.2608692928311525,NA,LKCC,LKCC,0.03446,0.96554
SLDA,LKCCeasy_029,train,2.03239855346658,NA,LKCC,LKCC,7.9e-4,0.99921
SLDA,CLKeasy_109,train,1.4356405723134567,NA,LKCC,LKCC,0.00285,0.99715
SLDA,CLKhard_156,train,0.7988839057966959,NA,LKCC,LKCC,0.0111,0.9889
SLDA,LKCChard_004,train,-2.272431453847493,NA,CLK,CLK,0.89208,0.10792
SLDA,CLKhard_067,train,1.4043910171009273,NA,LKCC,LKCC,0.00305,0.99695
SLDA,random_164,train,-1.9014192539007386,NA,LKCC,CLK,0.78829,0.21171
SLDA,LKCChard_047,train,-1.8173158451515623,NA,CLK,CLK,0.75655,0.24345
SLDA,LKCChard_161,train,-2.5479145702940853,NA,CLK,CLK,0.93728,0.06272
SLDA,random_017,train,-1.3440350795270029,NA,LKCC,CLK,0.52912,0.47088
SLDA,CLKhard_093,train,0.44201154603007886,NA,LKCC,LKCC,0.02361,0.97639
SLDA,random_118,train,-0.6503302914452845,NA,LKCC,LKCC,0.2019,0.7981
SLDA,CLKeasy_045,train,0.6965600461205173,NA,LKCC,LKCC,0.0138,0.9862
SLDA,CLKeasy_046,train,0.31021104501258295,NA,LKCC,LKCC,0.0311,0.9689
SLDA,LKCChard_092,train,-1.7122127988561262,NA,CLK,CLK,0.71258,0.28742
SLDA,CLKhard_116,train,-0.6018869901840256,NA,LKCC,LKCC,0.18564,0.81436
SLDA,LKCCeasy_030,train,1.250870313379435,NA,LKCC,LKCC,0.00423,0.99577
SLDA,LKCCeasy_027,train,1.0599231592833094,NA,LKCC,LKCC,0.00637,0.99363
SLDA,random_078,train,-0.3865917258646155,NA,LKCC,LKCC,0.1255,0.8745
SLDA,CLKhard_033,train,-0.9043865150362242,NA,LKCC,LKCC,0.30399,0.69601
SLDA,random_033,train,-0.9699108386305586,NA,LKCC,LKCC,0.33458,0.66542
SLDA,LKCCeasy_179,train,1.7512726002519605,NA,LKCC,LKCC,0.00145,0.99855
SLDA,LKCCeasy_057,train,0.9415250863869858,NA,LKCC,LKCC,0.00819,0.99181
SLDA,LKCChard_185,train,-1.6090471453377042,NA,CLK,CLK,0.66513,0.33487
SLDA,random_178,train,-1.7315686763745888,NA,LKCC,CLK,0.72103,0.27897
SLDA,LKCChard_117,train,-1.3929890330604449,NA,CLK,CLK,0.55523,0.44477
SLDA,CLKeasy_105,train,0.419231007957771,NA,LKCC,LKCC,0.02476,0.97524
SLDA,CLKhard_161,train,-0.11807935599083569,NA,LKCC,LKCC,0.07457,0.92543
SLDA,LKCChard_068,train,-1.346585930817055,NA,CLK,CLK,0.53048,0.46952
SLDA,CLKeasy_183,train,0.8148963280312933,NA,LKCC,LKCC,0.01073,0.98927
SLDA,LKCChard_103,train,-1.4082387092669126,NA,CLK,CLK,0.56331,0.43669
SLDA,LKCCeasy_164,train,1.1711206877835993,NA,LKCC,LKCC,0.00502,0.99498
SLDA,LKCChard_131,train,-2.40522362390723,NA,CLK,CLK,0.91664,0.08336
SLDA,CLKhard_068,train,-0.503016225300422,NA,LKCC,LKCC,0.15563,0.84437
SLDA,LKCCeasy_014,train,1.0761778920619114,NA,LKCC,LKCC,0.00615,0.99385
SLDA,LKCCeasy_064,train,0.5582653572253704,NA,LKCC,LKCC,0.01848,0.98152
SLDA,CLKhard_004,train,-1.1209915383645401,NA,LKCC,LKCC,0.41028,0.58972
SLDA,LKCCeasy_085,train,1.1607387627887293,NA,LKCC,LKCC,0.00513,0.99487
SLDA,random_134,train,-1.297539909239908,NA,LKCC,CLK,0.50417,0.49583
SLDA,CLKhard_055,train,0.01555077907035664,NA,LKCC,LKCC,0.05702,0.94298
SLDA,CLKhard_102,train,-0.38899069029662253,NA,LKCC,LKCC,0.12607,0.87393
SLDA,random_129,train,-1.1100838876421166,NA,LKCC,LKCC,0.40462,0.59538
SLDA,random_123,train,-0.49907226232092694,NA,LKCC,LKCC,0.15452,0.84548
SLDA,CLKhard_138,train,0.9606090122741238,NA,LKCC,LKCC,0.00787,0.99213
SLDA,CLKhard_176,train,0.08729451857299456,NA,LKCC,LKCC,0.04927,0.95073
SLDA,LKCChard_072,train,-0.8461969806574561,NA,CLK,LKCC,0.27819,0.72181
SLDA,CLKeasy_168,train,0.9787800331494196,NA,LKCC,LKCC,0.00757,0.99243
SLDA,random_091,train,0.14293647027640738,NA,LKCC,LKCC,0.04396,0.95604
SLDA,CLKhard_117,train,1.1632739340737788,NA,LKCC,LKCC,0.0051,0.9949
SLDA,LKCChard_180,train,-2.6057407932461287,NA,CLK,CLK,0.9442,0.0558
SLDA,random_147,train,-1.0994987770671338,NA,LKCC,LKCC,0.39915,0.60085
SLDA,CLKhard_034,train,-0.20888009899476673,NA,LKCC,LKCC,0.08921,0.91079
SLDA,random_059,train,-1.1792111730168975,NA,LKCC,LKCC,0.44086,0.55914
SLDA,random_028,train,-0.03933257287099491,NA,LKCC,LKCC,0.0637,0.9363
SLDA,random_104,train,-1.8940537173558771,NA,LKCC,CLK,0.78564,0.21436
SLDA,LKCCeasy_161,train,1.6188954799378616,NA,LKCC,LKCC,0.00192,0.99808
SLDA,LKCCeasy_122,train,1.0922210788525448,NA,LKCC,LKCC,0.00594,0.99406
SLDA,CLKeasy_175,train,0.18061965737412153,NA,LKCC,LKCC,0.04068,0.95932
SLDA,LKCCeasy_109,train,1.2093465814025075,NA,LKCC,LKCC,0.00462,0.99538
SLDA,LKCCeasy_131,train,0.9725414669558481,NA,LKCC,LKCC,0.00767,0.99233
SLDA,LKCChard_006,train,-2.048591509480604,NA,CLK,CLK,0.83631,0.16369
SLDA,LKCChard_085,train,-1.7533070175419945,NA,CLK,CLK,0.73033,0.26967
SLDA,CLKhard_037,train,0.3786740166686421,NA,LKCC,LKCC,0.02696,0.97304
SLDA,CLKeasy_116,train,1.1058193494655995,NA,LKCC,LKCC,0.00577,0.99423
SLDA,CLKhard_009,train,-0.6496730296763262,NA,LKCC,LKCC,0.20167,0.79833
SLDA,CLKeasy_106,train,0.784903951091271,NA,LKCC,LKCC,0.01144,0.98856
SLDA,LKCChard_059,train,-0.5433008010095484,NA,CLK,LKCC,0.16735,0.83265
SLDA,LKCCeasy_080,train,0.8070684599577698,NA,LKCC,LKCC,0.01091,0.98909
SLDA,random_062,train,0.4382207313773632,NA,LKCC,LKCC,0.02379,0.97621
SLDA,random_124,train,-1.7106685439767184,NA,LKCC,CLK,0.7119,0.2881
SLDA,CLKeasy_079,train,1.1221568640494304,NA,LKCC,LKCC,0.00557,0.99443
SLDA,random_167,train,-0.860683212483118,NA,LKCC,LKCC,0.28448,0.71552
SLDA,random_171,train,-1.7154338411556003,NA,LKCC,CLK,0.714,0.286
SLDA,LKCCeasy_087,train,1.6019768553434068,NA,LKCC,LKCC,0.00199,0.99801
SLDA,CLKhard_134,train,-0.7794833905342486,NA,LKCC,LKCC,0.25033,0.74967
SLDA,LKCCeasy_054,train,2.0313457146023657,NA,LKCC,LKCC,7.9e-4,0.99921
SLDA,CLKhard_164,train,0.6293420882730334,NA,LKCC,LKCC,0.01591,0.98409
SLDA,random_047,train,-1.4709396239826684,NA,LKCC,CLK,0.59613,0.40387
SLDA,LKCChard_051,train,-1.094128668253077,NA,CLK,LKCC,0.39638,0.60362
SLDA,CLKeasy_176,train,0.6897657351219232,NA,LKCC,LKCC,0.014,0.986
SLDA,CLKhard_008,train,-0.3251347471820116,NA,LKCC,LKCC,0.1117,0.8883
SLDA,LKCCeasy_008,train,0.8450032777362174,NA,LKCC,LKCC,0.01007,0.98993
SLDA,CLKhard_168,train,-0.634139849544419,NA,LKCC,LKCC,0.19635,0.80365
SLDA,random_158,train,-0.4296556506028413,NA,LKCC,LKCC,0.13602,0.86398
SLDA,LKCChard_016,train,-2.591338034291764,NA,CLK,CLK,0.94255,0.05745
SLDA,CLKeasy_016,train,1.0296722292030742,NA,LKCC,LKCC,0.00679,0.99321
SLDA,CLKhard_075,train,0.2420924365857197,NA,LKCC,LKCC,0.03582,0.96418
SLDA,LKCCeasy_168,train,1.1792837229124913,NA,LKCC,LKCC,0.00493,0.99507
SLDA,CLKhard_182,train,-0.35779661314224287,NA,LKCC,LKCC,0.11886,0.88114
SLDA,random_080,train,-0.792967656715866,NA,LKCC,LKCC,0.25581,0.74419
SLDA,CLKhard_128,train,1.1500087828880883,NA,LKCC,LKCC,0.00525,0.99475
SLDA,LKCChard_178,train,-2.165084128311254,NA,CLK,CLK,0.86777,0.13223
SLDA,LKCCeasy_037,train,1.6365435517372238,NA,LKCC,LKCC,0.00185,0.99815
SLDA,LKCCeasy_159,train,0.7540214062438011,NA,LKCC,LKCC,0.01221,0.98779
SLDA,LKCChard_003,train,-0.2622067156061431,NA,CLK,LKCC,0.09897,0.90103
SLDA,CLKhard_111,train,-0.2926903887511458,NA,LKCC,LKCC,0.10497,0.89503
SLDA,CLKeasy_018,train,1.3792038914131213,NA,LKCC,LKCC,0.00321,0.99679
SLDA,CLKeasy_083,train,1.265112277349047,NA,LKCC,LKCC,0.0041,0.9959
SLDA,CLKeasy_182,train,1.5458434074240257,NA,LKCC,LKCC,0.00225,0.99775
SLDA,LKCCeasy_042,train,1.1105155595830627,NA,LKCC,LKCC,0.00571,0.99429
SLDA,LKCCeasy_095,train,0.31188953791169105,NA,LKCC,LKCC,0.03099,0.96901
SLDA,CLKeasy_005,train,1.1480515737830943,NA,LKCC,LKCC,0.00527,0.99473
SLDA,CLKhard_027,train,-0.9160362567587009,NA,LKCC,LKCC,0.30931,0.69069
SLDA,random_157,train,-0.7568071646917675,NA,LKCC,LKCC,0.24129,0.75871
SLDA,LKCCeasy_174,train,1.173855517276011,NA,LKCC,LKCC,0.00499,0.99501
SLDA,LKCCeasy_009,train,0.7816862517131414,NA,LKCC,LKCC,0.01152,0.98848
SLDA,LKCChard_018,train,-2.5923616747350247,NA,CLK,CLK,0.94266,0.05734
SLDA,LKCChard_032,train,-2.6817137503812583,NA,CLK,CLK,0.9522,0.0478
SLDA,CLKeasy_126,train,0.893519557588315,NA,LKCC,LKCC,0.00908,0.99092
SLDA,LKCChard_011,train,-1.663657089558711,NA,CLK,CLK,0.69074,0.30926
SLDA,LKCCeasy_078,train,1.3811569638004941,NA,LKCC,LKCC,0.0032,0.9968
SLDA,random_049,train,-1.4271927440449403,NA,LKCC,CLK,0.5733,0.4267
SLDA,LKCChard_071,train,-2.6785469700940188,NA,CLK,CLK,0.95189,0.04811
SLDA,LKCChard_075,train,-2.0171367425112856,NA,CLK,CLK,0.82684,0.17316
SLDA,random_150,train,-1.1317029993350973,NA,LKCC,LKCC,0.41586,0.58414
SLDA,LKCChard_099,train,-1.951490387967655,NA,CLK,CLK,0.8057,0.1943
SLDA,LKCCeasy_099,train,0.884638918134493,NA,LKCC,LKCC,0.00925,0.99075
SLDA,LKCChard_060,train,-0.7050994676973928,NA,CLK,LKCC,0.22153,0.77847
SLDA,random_037,train,-0.9864702201734705,NA,LKCC,LKCC,0.34255,0.65745
SLDA,LKCChard_028,train,-1.3122954470366552,NA,CLK,CLK,0.51209,0.48791
SLDA,LKCCeasy_113,train,1.6538184612282645,NA,LKCC,LKCC,0.00178,0.99822
SLDA,CLKeasy_064,train,1.438246653287757,NA,LKCC,LKCC,0.00283,0.99717
SLDA,LKCCeasy_114,train,1.2368020048197537,NA,LKCC,LKCC,0.00436,0.99564
SLDA,LKCChard_038,train,-1.5127232786147855,NA,CLK,CLK,0.61755,0.38245
SLDA,LKCCeasy_137,train,0.18614029900844226,NA,LKCC,LKCC,0.04022,0.95978
SLDA,LKCCeasy_051,train,2.1048533154902183,NA,LKCC,LKCC,6.8e-4,0.99932
SLDA,LKCChard_091,train,-1.912978651801803,NA,CLK,CLK,0.79241,0.20759
SLDA,CLKhard_050,train,0.20055907885034685,NA,LKCC,LKCC,0.03904,0.96096
SLDA,CLKhard_077,train,0.2939573855704887,NA,LKCC,LKCC,0.03217,0.96783
SLDA,LKCCeasy_031,train,1.1528478840610754,NA,LKCC,LKCC,0.00522,0.99478
SLDA,CLKhard_146,train,1.5215430059009571,NA,LKCC,LKCC,0.00237,0.99763
SLDA,CLKhard_072,train,0.3726527842743506,NA,LKCC,LKCC,0.0273,0.9727
SLDA,LKCChard_033,train,-1.7370462543932637,NA,CLK,CLK,0.72339,0.27661
SLDA,LKCCeasy_117,train,0.8910543536711091,NA,LKCC,LKCC,0.00913,0.99087
SLDA,CLKeasy_029,train,1.6992592259860066,NA,LKCC,LKCC,0.00162,0.99838
SLDA,CLKeasy_121,train,1.3513549655499029,NA,LKCC,LKCC,0.00341,0.99659
SLDA,CLKhard_178,train,1.366661080304646,NA,LKCC,LKCC,0.0033,0.9967
SLDA,CLKhard_088,train,0.29199856662703766,NA,LKCC,LKCC,0.0323,0.9677
SLDA,CLKeasy_073,train,1.3439566957922322,NA,LKCC,LKCC,0.00347,0.99653
SLDA,random_063,train,-0.4319986310872492,NA,LKCC,LKCC,0.13661,0.86339
SLDA,CLKeasy_021,train,0.5219662301630512,NA,LKCC,LKCC,0.01995,0.98005
SLDA,LKCCeasy_185,train,0.7323900402861668,NA,LKCC,LKCC,0.01279,0.98721
SLDA,LKCChard_176,train,-1.148843711700041,NA,CLK,LKCC,0.42484,0.57516
SLDA,CLKeasy_137,train,1.1891430946605939,NA,LKCC,LKCC,0.00483,0.99517
SLDA,CLKeasy_118,train,0.5173246989293361,NA,LKCC,LKCC,0.02015,0.97985
SLDA,CLKhard_160,train,-0.1422949078451873,NA,LKCC,LKCC,0.07824,0.92176
SLDA,random_013,train,-1.0804820764026049,NA,LKCC,LKCC,0.38939,0.61061
SLDA,CLKhard_071,train,0.9758367820756573,NA,LKCC,LKCC,0.00762,0.99238
SLDA,CLKeasy_151,train,0.5600072876026745,NA,LKCC,LKCC,0.01842,0.98158
SLDA,LKCChard_083,train,-1.442611020121922,NA,CLK,CLK,0.58139,0.41861
SLDA,CLKhard_114,train,0.026610192466900467,NA,LKCC,LKCC,0.05575,0.94425
SLDA,random_009,train,-0.9301691753999007,NA,LKCC,LKCC,0.31584,0.68416
SLDA,random_068,train,-0.4321015833354166,NA,LKCC,LKCC,0.13663,0.86337
SLDA,LKCChard_055,train,-2.7079993210989395,NA,CLK,CLK,0.95471,0.04529
SLDA,random_139,train,-0.6452243471611938,NA,LKCC,LKCC,0.20014,0.79986
SLDA,LKCCeasy_147,train,1.7026579160972168,NA,LKCC,LKCC,0.00161,0.99839
SLDA,LKCChard_023,train,-1.9470656149642749,NA,CLK,CLK,0.8042,0.1958
SLDA,LKCChard_041,train,-2.1789796318832395,NA,CLK,CLK,0.87116,0.12884
SLDA,CLKhard_121,train,-0.2702670734768497,NA,LKCC,LKCC,0.10053,0.89947
SLDA,LKCChard_007,train,-2.0793575277592686,NA,CLK,CLK,0.84516,0.15484
SLDA,random_010,train,-1.3194104131101612,NA,LKCC,CLK,0.51591,0.48409
SLDA,random_154,train,-1.0757696549476987,NA,LKCC,LKCC,0.38698,0.61302
SLDA,CLKeasy_114,train,0.9789280757779579,NA,LKCC,LKCC,0.00757,0.99243
SLDA,LKCCeasy_056,train,0.6941975695594315,NA,LKCC,LKCC,0.01386,0.98614
SLDA,CLKhard_094,train,0.1613444923353534,NA,LKCC,LKCC,0.04233,0.95767
SLDA,LKCChard_138,train,-2.4469691549560832,NA,CLK,CLK,0.92324,0.07676
SLDA,CLKeasy_156,train,0.9732207605175371,NA,LKCC,LKCC,0.00766,0.99234
SLDA,CLKeasy_003,train,0.3838788994808397,NA,LKCC,LKCC,0.02666,0.97334
SLDA,CLKhard_189,train,-0.5796705186045391,NA,LKCC,LKCC,0.17853,0.82147
SLDA,CLKeasy_041,train,1.0171317703195975,NA,LKCC,LKCC,0.00697,0.99303
SLDA,LKCChard_094,train,-1.8979948866742706,NA,CLK,CLK,0.78706,0.21294
SLDA,CLKhard_141,train,0.308914154973053,NA,LKCC,LKCC,0.03118,0.96882
SLDA,LKCCeasy_150,train,2.34618818252118,NA,LKCC,LKCC,4e-4,0.9996
SLDA,CLKhard_185,train,-0.2538246275602589,NA,LKCC,LKCC,0.09738,0.90262
SLDA,CLKeasy_087,train,1.2146188006061724,NA,LKCC,LKCC,0.00457,0.99543
SLDA,LKCCeasy_182,train,2.089074819747905,NA,LKCC,LKCC,7e-4,0.9993
SLDA,LKCCeasy_130,train,1.1273229094404207,NA,LKCC,LKCC,0.00551,0.99449
SLDA,random_022,train,-1.0927195572561628,NA,LKCC,LKCC,0.39566,0.60434
SLDA,LKCCeasy_044,train,1.51922207342922,NA,LKCC,LKCC,0.00238,0.99762
SLDA,CLKeasy_140,train,1.5616416925609489,NA,LKCC,LKCC,0.00217,0.99783
SLDA,CLKeasy_078,train,1.1419996502106586,NA,LKCC,LKCC,0.00534,0.99466
SLDA,LKCChard_026,train,-1.4463648019087663,NA,CLK,CLK,0.58335,0.41665
SLDA,random_073,train,-0.9518051427255654,NA,LKCC,LKCC,0.32597,0.67403
SLDA,LKCChard_159,train,-2.1161379036640895,NA,CLK,CLK,0.85522,0.14478
SLDA,random_085,train,-1.1503657345928517,NA,LKCC,LKCC,0.42564,0.57436
SLDA,LKCCeasy_091,train,1.2837651638748466,NA,LKCC,LKCC,0.00394,0.99606
SLDA,random_126,train,-0.9638487517713918,NA,LKCC,LKCC,0.33168,0.66832
SLDA,CLKhard_175,train,-1.71597013736721,NA,LKCC,CLK,0.71424,0.28576
SLDA,CLKhard_187,train,0.7935440260740724,NA,LKCC,LKCC,0.01123,0.98877
SLDA,LKCCeasy_011,train,1.2901883096227473,NA,LKCC,LKCC,0.00389,0.99611
SLDA,CLKhard_001,train,1.0900479620588683,NA,LKCC,LKCC,0.00597,0.99403
SLDA,random_163,train,-1.230545817922088,NA,LKCC,LKCC,0.46821,0.53179
SLDA,random_040,train,-0.5661451128897662,NA,LKCC,LKCC,0.17431,0.82569
SLDA,CLKeasy_177,train,0.13014821602266327,NA,LKCC,LKCC,0.04513,0.95487
SLDA,random_114,train,-0.9242665905822478,NA,LKCC,LKCC,0.3131,0.6869
SLDA,LKCChard_063,train,-1.384389895644991,NA,CLK,CLK,0.55066,0.44934
SLDA,random_190,train,0.04382086258175306,NA,LKCC,LKCC,0.05384,0.94616
SLDA,random_088,train,-1.2318078691878125,NA,LKCC,LKCC,0.46888,0.53112
SLDA,LKCCeasy_121,train,0.9867347799810416,NA,LKCC,LKCC,0.0074400000000000004,0.99256
SLDA,LKCChard_061,train,-1.6743723573947515,NA,CLK,CLK,0.69564,0.30436
SLDA,LKCChard_160,train,-2.299274017079929,NA,CLK,CLK,0.89751,0.10249
SLDA,LKCCeasy_151,train,1.229362828366713,NA,LKCC,LKCC,0.00443,0.99557
SLDA,CLKhard_125,train,-1.718272710939041,NA,LKCC,CLK,0.71524,0.28476
SLDA,random_181,train,-1.1700623101762522,NA,LKCC,LKCC,0.43602,0.56398
SLDA,LKCCeasy_062,train,1.6219734325191524,NA,LKCC,LKCC,0.00191,0.99809
SLDA,LKCCeasy_190,train,1.2927559776834012,NA,LKCC,LKCC,0.00387,0.99613
SLDA,LKCChard_162,train,-1.2972960410558176,NA,CLK,CLK,0.50403,0.49597
SLDA,LKCChard_090,train,-3.296243453138243,NA,CLK,CLK,0.98678,0.01322
SLDA,random_155,train,-1.2975554035348835,NA,LKCC,CLK,0.50417,0.49583
SLDA,LKCChard_065,train,-2.8474385719868995,NA,CLK,CLK,0.96604,0.03396
SLDA,LKCCeasy_084,train,1.1105637870158642,NA,LKCC,LKCC,0.00571,0.99429
SLDA,CLKhard_014,train,-0.2276423300430664,NA,LKCC,LKCC,0.09254,0.90746
SLDA,LKCChard_084,train,-2.453569758880095,NA,CLK,CLK,0.92424,0.07576
SLDA,LKCChard_175,train,-1.36965269529447,NA,CLK,CLK,0.54281,0.45719
SLDA,CLKeasy_024,train,1.792616197844549,NA,LKCC,LKCC,0.00132,0.99868
SLDA,CLKeasy_153,train,1.4890991351242238,NA,LKCC,LKCC,0.00254,0.99746
SLDA,random_135,train,-0.10923379851891835,NA,LKCC,LKCC,0.07327,0.92673
SLDA,LKCChard_186,train,-2.0273772161700854,NA,CLK,CLK,0.82997,0.17003
SLDA,LKCCeasy_063,train,2.185302036008218,NA,LKCC,LKCC,5.7e-4,0.99943
SLDA,LKCCeasy_129,test,1.1880154972847161,NA,LKCC,LKCC,0.00484,0.99516
SLDA,random_029,test,-1.961493232169131,NA,LKCC,CLK,0.80904,0.19096
SLDA,LKCChard_181,test,-1.6573276319951942,NA,CLK,CLK,0.68783,0.31217
SLDA,LKCChard_153,test,-0.8941199781196617,NA,CLK,LKCC,0.29934,0.70066
SLDA,LKCChard_179,test,-2.4140028443088526,NA,CLK,CLK,0.91807,0.08193
SLDA,random_075,test,0.26684187083226973,NA,LKCC,LKCC,0.03403,0.96597
SLDA,LKCChard_126,test,-2.055227506755177,NA,CLK,CLK,0.83825,0.16175
SLDA,CLKeasy_049,test,1.5220613921135517,NA,LKCC,LKCC,0.00237,0.99763
SLDA,CLKeasy_141,test,1.3921750819596963,NA,LKCC,LKCC,0.00313,0.99687
SLDA,CLKeasy_056,test,1.3127527003920418,NA,LKCC,LKCC,0.00371,0.99629
SLDA,CLKhard_188,test,-0.7288683410151079,NA,LKCC,LKCC,0.23047,0.76953
SLDA,CLKeasy_088,test,1.363806961888534,NA,LKCC,LKCC,0.00332,0.99668
SLDA,random_116,test,-0.17391513642146733,NA,LKCC,LKCC,0.08329,0.91671
SLDA,LKCChard_046,test,-0.8209388294152264,NA,CLK,LKCC,0.26742,0.73258
SLDA,LKCChard_110,test,-1.4942130371085867,NA,CLK,CLK,0.60812,0.39188
SLDA,LKCCeasy_156,test,1.720792457477141,NA,LKCC,LKCC,0.00155,0.99845
SLDA,random_054,test,-0.03714020695556781,NA,LKCC,LKCC,0.06342,0.93658
SLDA,CLKhard_087,test,0.5382182339112118,NA,LKCC,LKCC,0.01928,0.98072
SLDA,CLKeasy_086,test,1.0153946369907099,NA,LKCC,LKCC,0.007,0.993
SLDA,LKCCeasy_148,test,0.890673295706308,NA,LKCC,LKCC,0.00913,0.99087
SLDA,CLKhard_022,test,-0.3528791989398636,NA,LKCC,LKCC,0.11776,0.88224
SLDA,CLKeasy_031,test,0.5426906835246895,NA,LKCC,LKCC,0.0191,0.9809
SLDA,LKCChard_021,test,-0.5978809373696939,NA,CLK,LKCC,0.18434,0.81566
SLDA,CLKeasy_004,test,1.5199975216664758,NA,LKCC,LKCC,0.00238,0.99762
SLDA,CLKhard_127,test,0.3951673579732454,NA,LKCC,LKCC,0.02604,0.97396
SLDA,CLKhard_090,test,-0.20763269641590687,NA,LKCC,LKCC,0.08899,0.91101
SLDA,LKCCeasy_138,test,1.639005777939526,NA,LKCC,LKCC,0.00184,0.99816
SLDA,CLKeasy_052,test,1.3133540818252996,NA,LKCC,LKCC,0.0037,0.9963
SLDA,LKCCeasy_105,test,0.9072047331505241,NA,LKCC,LKCC,0.00882,0.99118
SLDA,CLKeasy_163,test,1.2940713895260358,NA,LKCC,LKCC,0.00386,0.99614
SLDA,CLKeasy_172,test,1.0706692040545862,NA,LKCC,LKCC,0.00622,0.99378
SLDA,CLKhard_031,test,1.2516531032029892,NA,LKCC,LKCC,0.00422,0.99578
SLDA,LKCChard_045,test,-1.777268321910675,NA,CLK,CLK,0.74035,0.25965
SLDA,random_185,test,-2.146182880374674,NA,LKCC,CLK,0.86304,0.13696
SLDA,CLKeasy_119,test,1.7147776771310235,NA,LKCC,LKCC,0.00157,0.99843
SLDA,CLKhard_184,test,-0.3118676775938448,NA,LKCC,LKCC,0.10891,0.89109
SLDA,CLKeasy_023,test,0.27423644147606563,NA,LKCC,LKCC,0.03351,0.96649
SLDA,random_125,test,-1.1008273094995762,NA,LKCC,LKCC,0.39983,0.60017
SLDA,LKCChard_087,test,-1.831434464021105,NA,CLK,CLK,0.7621,0.2379
SLDA,LKCChard_082,test,-1.4640957561609433,NA,CLK,CLK,0.59258,0.40742
SLDA,CLKeasy_185,test,1.6332927678548679,NA,LKCC,LKCC,0.0018600000000000001,0.99814
SLDA,CLKeasy_010,test,1.1257871343846773,NA,LKCC,LKCC,0.00553,0.99447
SLDA,LKCCeasy_171,test,1.1626845010558757,NA,LKCC,LKCC,0.00511,0.99489
SLDA,CLKhard_183,test,-0.008221358738769282,NA,LKCC,LKCC,0.05983,0.94017
SLDA,CLKhard_017,test,-0.48711852014168855,NA,LKCC,LKCC,0.15119,0.84881
SLDA,LKCCeasy_010,test,1.8647475102198732,NA,LKCC,LKCC,0.00113,0.99887
SLDA,CLKhard_052,test,0.3292820948736415,NA,LKCC,LKCC,0.02988,0.97012
SLDA,LKCCeasy_081,test,1.6181541742556942,NA,LKCC,LKCC,0.00193,0.99807
SLDA,random_183,test,-1.8927873859183144,NA,LKCC,CLK,0.78518,0.21482
SLDA,LKCChard_169,test,0.27903940796370474,NA,CLK,LKCC,0.03318,0.96682
SLDA,CLKeasy_080,test,1.3936048466481437,NA,LKCC,LKCC,0.00312,0.99688
SLDA,CLKhard_018,test,0.5065962369148304,NA,LKCC,LKCC,0.02061,0.97939
SLDA,LKCCeasy_021,test,0.8288521694392248,NA,LKCC,LKCC,0.01042,0.98958
SLDA,CLKhard_105,test,0.7479338012915503,NA,LKCC,LKCC,0.01237,0.98763
SLDA,CLKhard_140,test,-0.2556231518508779,NA,LKCC,LKCC,0.09772,0.90228
SLDA,CLKhard_028,test,0.7977990190903831,NA,LKCC,LKCC,0.01113,0.98887
SLDA,LKCChard_150,test,-2.504617917721405,NA,CLK,CLK,0.93158,0.06842
SLDA,LKCChard_137,test,-1.6443266378696786,NA,CLK,CLK,0.6818,0.3182
SLDA,LKCCeasy_067,test,0.28581190909416787,NA,LKCC,LKCC,0.03272,0.96728
SLDA,random_041,test,-1.1875086289380241,NA,LKCC,LKCC,0.44526,0.55474
SLDA,random_180,test,-1.2593984868065022,NA,LKCC,LKCC,0.48368,0.51632
SLDA,CLKeasy_032,test,1.6222304817384712,NA,LKCC,LKCC,0.00191,0.99809
SLDA,random_187,test,-1.6320540463919389,NA,LKCC,CLK,0.67605,0.32395
SLDA,CLKeasy_179,test,1.2382664741212168,NA,LKCC,LKCC,0.00435,0.99565
SLDA,LKCChard_141,test,-2.22907412938125,NA,CLK,CLK,0.88277,0.11723
SLDA,CLKhard_107,test,-0.34622080979069736,NA,LKCC,LKCC,0.11628,0.88372
SLDA,CLKeasy_184,test,0.5826485396522887,NA,LKCC,LKCC,0.01756,0.98244
SLDA,random_142,test,-0.7892894217710433,NA,LKCC,LKCC,0.2543,0.7457
SLDA,LKCChard_070,test,-1.0209740234149112,NA,CLK,LKCC,0.35944,0.64056
SLDA,CLKeasy_115,test,1.4928681832099577,NA,LKCC,LKCC,0.00252,0.99748
SLDA,CLKhard_118,test,-0.6613437670856364,NA,LKCC,LKCC,0.20574,0.79426
SLDA,CLKeasy_167,test,0.8460250156327399,NA,LKCC,LKCC,0.01004,0.98996
SLDA,LKCChard_157,test,-1.435247056750712,NA,CLK,CLK,0.57753,0.42247
SLDA,CLKeasy_169,test,1.098695190029367,NA,LKCC,LKCC,0.00586,0.99414
SLDA,CLKhard_124,test,-0.13439555972690595,NA,LKCC,LKCC,0.07703,0.92297
SLDA,CLKhard_036,test,0.055824179374334586,NA,LKCC,LKCC,0.05254,0.94746
SLDA,CLKeasy_012,test,0.9499087417021552,NA,LKCC,LKCC,0.00805,0.99195
SLDA,random_082,test,-1.4785420700645704,NA,LKCC,CLK,0.60006,0.39994
SLDA,CLKeasy_020,test,0.7423847464747342,NA,LKCC,LKCC,0.01252,0.98748
SLDA,random_189,test,-2.1571215776876365,NA,LKCC,CLK,0.86579,0.13421
SLDA,random_066,test,-1.694885743850006,NA,LKCC,CLK,0.7049,0.2951
SLDA,LKCCeasy_146,test,0.6698728763139066,NA,LKCC,LKCC,0.0146,0.9854
SLDA,random_128,test,-1.3950608150557704,NA,LKCC,CLK,0.55633,0.44367
SLDA,LKCCeasy_144,test,0.3846023982991111,NA,LKCC,LKCC,0.02662,0.97338
SLDA,LKCCeasy_061,test,2.3713757340931267,NA,LKCC,LKCC,3.8e-4,0.99962
SLDA,random_019,test,-0.922537217876884,NA,LKCC,LKCC,0.3123,0.6877
SLDA,CLKeasy_154,test,0.460212427715554,NA,LKCC,LKCC,0.02272,0.97728
SLDA,CLKhard_152,test,0.05794856224626696,NA,LKCC,LKCC,0.05231,0.94769
SLDA,LKCChard_019,test,-1.8366748672896616,NA,CLK,CLK,0.76414,0.23586
SLDA,CLKhard_039,test,1.6340379216781007,NA,LKCC,LKCC,0.0018600000000000001,0.99814
SLDA,random_176,test,-0.9785260529236482,NA,LKCC,LKCC,0.33871,0.66129
SLDA,random_065,test,-0.5445653963279711,NA,LKCC,LKCC,0.16773,0.83227
SLDA,LKCCeasy_066,test,0.9074771962851542,NA,LKCC,LKCC,0.00881,0.99119
SLDA,CLKeasy_055,test,0.7887489508274409,NA,LKCC,LKCC,0.01134,0.98866
SLDA,random_148,test,-0.723435612532444,NA,LKCC,LKCC,0.22841,0.77159
SLDA,CLKeasy_059,test,0.6369906716621653,NA,LKCC,LKCC,0.01565,0.98435
SLDA,LKCCeasy_175,test,2.0903254689940405,NA,LKCC,LKCC,7e-4,0.9993
SLDA,LKCCeasy_089,test,0.9558468400743158,NA,LKCC,LKCC,0.00795,0.99205
SLDA,CLKeasy_009,test,0.3771885614457733,NA,LKCC,LKCC,0.02704,0.97296
SLDA,CLKeasy_101,test,1.0958793685042705,NA,LKCC,LKCC,0.00589,0.99411
SLDA,LKCChard_010,test,-0.9395859113753452,NA,CLK,LKCC,0.32023,0.67977
SLDA,LKCCeasy_111,test,1.290636979242718,NA,LKCC,LKCC,0.00389,0.99611
SLDA,CLKhard_082,test,-0.09456333702974297,NA,LKCC,LKCC,0.07116,0.92884
SLDA,random_120,test,-1.2942925824337204,NA,LKCC,CLK,0.50242,0.49758
SLDA,CLKeasy_117,test,1.5822419338629796,NA,LKCC,LKCC,0.00208,0.99792
SLDA,random_122,test,-0.11048956049685607,NA,LKCC,LKCC,0.07345,0.92655
SLDA,LKCChard_012,test,-1.9296181047786551,NA,CLK,CLK,0.79823,0.20177
SLDA,LKCChard_168,test,-1.8096051808974547,NA,CLK,CLK,0.75349,0.24651
SLDA,LKCChard_188,test,-2.393064686122458,NA,CLK,CLK,0.91462,0.08538
SLDA,CLKeasy_044,test,1.138688344416855,NA,LKCC,LKCC,0.00538,0.99462
SLDA,CLKhard_099,test,0.7762018092534622,NA,LKCC,LKCC,0.01165,0.98835
SLDA,random_143,test,-1.4999818927366806,NA,LKCC,CLK,0.61107,0.38893
SLDA,random_006,test,-0.8404480946456777,NA,LKCC,LKCC,0.27571,0.72429
SLDA,CLKeasy_074,test,0.6559933179864568,NA,LKCC,LKCC,0.01503,0.98497
SLDA,CLKeasy_158,test,0.6644936048694773,NA,LKCC,LKCC,0.01477,0.98523
SLDA,CLKeasy_007,test,0.6115759039659971,NA,LKCC,LKCC,0.01651,0.98349
SLDA,random_048,test,-2.2276516439082523,NA,LKCC,CLK,0.88245,0.11755
SLDA,LKCCeasy_043,test,1.3267124276083775,NA,LKCC,LKCC,0.0036,0.9964
SLDA,LKCChard_056,test,-0.5879054141706167,NA,CLK,LKCC,0.18114,0.81886
SLDA,LKCChard_001,test,-1.4010464606341486,NA,CLK,CLK,0.5595,0.4405
SLDA,LKCChard_089,test,0.01378067032918177,NA,CLK,LKCC,0.05722,0.94278
SLDA,random_156,test,-0.8809370318990765,NA,LKCC,LKCC,0.29343,0.70657
SLDA,LKCChard_151,test,-1.5645709182316434,NA,CLK,CLK,0.64351,0.35649
SLDA,random_161,test,-1.0851883749854738,NA,LKCC,LKCC,0.3918,0.6082
SLDA,CLKhard_129,test,0.8793228131053976,NA,LKCC,LKCC,0.00936,0.99064
SLDA,CLKhard_097,test,1.220484237097639,NA,LKCC,LKCC,0.00452,0.99548
SLDA,LKCCeasy_019,test,1.076914396541419,NA,LKCC,LKCC,0.00614,0.99386
SLDA,LKCChard_140,test,-0.27847167425089425,NA,CLK,LKCC,0.10213,0.89787
SLDA,LKCCeasy_143,test,0.5525005554787501,NA,LKCC,LKCC,0.01871,0.98129
SLDA,CLKeasy_149,test,0.35571439838372637,NA,LKCC,LKCC,0.02828,0.97172
SLDA,random_002,test,-1.001484988655701,NA,LKCC,LKCC,0.34985,0.65015
SLDA,CLKeasy_011,test,0.7706541619208058,NA,LKCC,LKCC,0.01179,0.98821
SLDA,CLKhard_019,test,1.330029793606081,NA,LKCC,LKCC,0.00357,0.99643
SLDA,CLKhard_186,test,-0.4304862619960704,NA,LKCC,LKCC,0.13623,0.86377
SLDA,random_175,test,-0.38023532843647545,NA,LKCC,LKCC,0.12401,0.87599
SLDA,CLKeasy_076,test,1.0035568630899652,NA,LKCC,LKCC,0.00718,0.99282
SLDA,random_039,test,-0.24969936649292496,NA,LKCC,LKCC,0.0966,0.9034
SLDA,CLKhard_047,test,-0.36214751755635616,NA,LKCC,LKCC,0.11985,0.88015
SLDA,LKCChard_163,test,-1.2630438192944058,NA,CLK,LKCC,0.48563,0.51437
SLDA,CLKeasy_148,test,1.0674649184123206,NA,LKCC,LKCC,0.00626,0.99374
SLDA,LKCCeasy_058,test,1.779444887954707,NA,LKCC,LKCC,0.00136,0.99864
SLDA,CLKhard_148,test,0.45220681888437075,NA,LKCC,LKCC,0.02311,0.97689
SLDA,LKCChard_133,test,-0.7817834217720494,NA,CLK,LKCC,0.25126,0.74874
SLDA,random_058,test,-1.0661189135582132,NA,LKCC,LKCC,0.38207,0.61793
SLDA,random_121,test,-1.5170052758176849,NA,LKCC,CLK,0.61973,0.38027
SLDA,CLKhard_139,test,1.077651084241452,NA,LKCC,LKCC,0.00613,0.99387
SLDA,CLKhard_110,test,-0.5745121032870246,NA,LKCC,LKCC,0.17691,0.82309
SLDA,CLKhard_044,test,0.9587364661752792,NA,LKCC,LKCC,0.0079,0.9921
SLDA,CLKhard_108,test,1.057941127248688,NA,LKCC,LKCC,0.00639,0.99361
SLDA,CLKeasy_061,test,1.0271777730205645,NA,LKCC,LKCC,0.00683,0.99317
SLDA,LKCChard_030,test,-1.41250425406035,NA,CLK,CLK,0.56556,0.43444
SLDA,random_042,test,-0.9982601359058777,NA,LKCC,LKCC,0.34828,0.65172
SLDA,LKCCeasy_074,test,1.7166808943989351,NA,LKCC,LKCC,0.00156,0.99844
SLDA,CLKhard_045,test,0.2752657329878851,NA,LKCC,LKCC,0.03344,0.96656
SLDA,random_051,test,-0.5332724739883907,NA,LKCC,LKCC,0.16437,0.83563
SLDA,CLKeasy_159,test,0.016982616639954196,NA,LKCC,LKCC,0.05685,0.94315
SLDA,CLKeasy_180,test,1.3917651708801857,NA,LKCC,LKCC,0.00313,0.99687
SLDA,CLKeasy_097,test,1.007104709755728,NA,LKCC,LKCC,0.00712,0.99288
SLDA,CLKeasy_189,test,1.089001914858208,NA,LKCC,LKCC,0.00598,0.99402
SLDA,random_035,test,0.2873806678944113,NA,LKCC,LKCC,0.03261,0.96739
SLDA,CLKeasy_082,test,1.1520621597866254,NA,LKCC,LKCC,0.00523,0.99477
SLDA,CLKhard_025,test,-0.14168692711474656,NA,LKCC,LKCC,0.07815,0.92185
SLDA,LKCChard_077,test,-1.5992558575857114,NA,CLK,CLK,0.66042,0.33958
SLDA,CLKhard_150,test,0.8823485081401604,NA,LKCC,LKCC,0.0093,0.9907
SLDA,LKCCeasy_098,test,1.1379187302872606,NA,LKCC,LKCC,0.00539,0.99461
SLDA,random_016,test,-1.0825602416029574,NA,LKCC,LKCC,0.39045,0.60955
SLDA,random_003,test,-1.8146477977482764,NA,LKCC,CLK,0.7555,0.2445
SLDA,LKCChard_106,test,-2.5554149076226786,NA,CLK,CLK,0.93822,0.06178
SLDA,LKCChard_189,test,-1.1665939654865487,NA,CLK,LKCC,0.43419,0.56581
SLDA,LKCChard_187,test,-0.35442215480484485,NA,CLK,LKCC,0.11811,0.88189
SLDA,random_174,test,-1.7396804773923424,NA,LKCC,CLK,0.72452,0.27548
SLDA,LKCChard_043,test,-0.9277024040562618,NA,CLK,LKCC,0.31469,0.68531
SLDA,random_043,test,-1.783278192821672,NA,LKCC,CLK,0.74283,0.25717
SLDA,LKCChard_015,test,-2.6432771897952447,NA,CLK,CLK,0.9483,0.0517
SLDA,LKCChard_062,test,-0.5734609635321269,NA,CLK,LKCC,0.17658,0.82342
SLDA,CLKhard_104,test,-0.3193923273391915,NA,LKCC,LKCC,0.11049,0.88951
SLDA,CLKhard_016,test,0.620758772958845,NA,LKCC,LKCC,0.0162,0.9838
SLDA,LKCCeasy_060,test,1.8009117807790052,NA,LKCC,LKCC,0.0013,0.9987
SLDA,random_074,test,-1.5664778160767718,NA,LKCC,CLK,0.64445,0.35555
SLDA,LKCCeasy_001,test,1.5338173308413146,NA,LKCC,LKCC,0.00231,0.99769
SLDA,CLKhard_040,test,0.348118148881788,NA,LKCC,LKCC,0.02873,0.97127
SLDA,CLKhard_170,test,-0.20471025098343046,NA,LKCC,LKCC,0.08848,0.91152
SLDA,CLKhard_115,test,-0.7059731611982603,NA,LKCC,LKCC,0.22186,0.77814
SLDA,random_138,test,-1.3367709052084351,NA,LKCC,CLK,0.52523,0.47477
SLDA,CLKeasy_051,test,1.316482632890808,NA,LKCC,LKCC,0.00368,0.99632
SLDA,LKCChard_078,test,-1.0670952402335958,NA,CLK,LKCC,0.38257,0.61743
SLDA,CLKeasy_161,test,1.295295346801026,NA,LKCC,LKCC,0.00385,0.99615
SLDA,LKCChard_009,test,-1.2303123674471712,NA,CLK,LKCC,0.46808,0.53192
SLDA,CLKhard_020,test,-0.9145512842098323,NA,LKCC,LKCC,0.30863,0.69137
SLDA,CLKeasy_147,test,0.7776506950388151,NA,LKCC,LKCC,0.01161,0.98839
